Metal,Substrate,theta,Temp,Me_MagpieData mean CovalentRadius,Me_MagpieData mean Electronegativity,Me_MagpieData mean NdValence,Me_MagpieData mean GSmagmom,Me_MagpieData mean SpaceGroupNumber,Ce_MagpieData mean MeltingT,Ce_MagpieData mean NpUnfilled
Sn,Al2O3,123,1373,139,1.96,10,0,141,406.268,3.2
Sn0.96Al0.04,Al2O3,114,1373,138.28,1.946,9.6,0,144.36,406.268,3.2
Sn0.875Al0.125,Al2O3,66,1373,136.75,1.91625,8.75,0,151.5,406.268,3.2
Sn0.86Al0.14,Al2O3,73,1373,136.48,1.911,8.6,0,152.76,406.268,3.2
Sn0.4Al0.6,Al2O3,71,1373,128.2,1.75,4,0,191.4,406.268,3.2
Sn0.1Al0.9,Al2O3,79,1373,122.8,1.645,1,0,216.6,406.268,3.2
Al,Al2O3,73,1273,121,1.61,0,0,225,406.268,3.2
Sn,Al2O3,123,1273,139,1.96,10,0,141,406.268,3.2
Sn0.9Al0.1,Al2O3,109,1273,137.2,1.925,9,0,149.4,406.268,3.2
Sn0.85Al0.15,Al2O3,71,1273,136.3,1.9075,8.5,0,153.6,406.268,3.2
Sn0.7Al0.3,Al2O3,66,1273,133.6,1.855,7,0,166.2,406.268,3.2
Sn0.4Al0.6,Al2O3,67,1273,128.2,1.75,4,0,191.4,406.268,3.2
Sn0.1Al0.9,Al2O3,70,1273,122.8,1.645,1,0,216.6,406.268,3.2
Al,Al2O3,81,1373,121,1.61,0,0,225,406.268,3.2
Cu,Al2O3,138,1350,132,1.9,10,0,225,406.268,3.2
Cu0.905Ti0.095,Al2O3,30,1350,134.66,1.8658,9.24,2.14E-06,222.055,406.268,3.2
Cu0.874Ti0.126,Al2O3,20,1350,135.528,1.85464,8.992,2.84E-06,221.094,406.268,3.2
Cu0.874Ti0.126,Al2O3,38,1350,135.528,1.85464,8.992,2.84E-06,221.094,406.268,3.2
Ni0.5Pd0.5,Al2O3,113,1523,131.5,2.055,9,0.29769735,225,406.268,3.2
Ni0.475Pd0.475Ti0.05,Al2O3,97,1523,132.925,2.02925,8.65,0.282813609,223.45,406.268,3.2
Ni0.425Pd0.425Ti0.15,Al2O3,70,1523,135.775,1.97775,7.95,0.253046128,220.35,406.268,3.2
Ni0.375Pd0.375Ti0.25,Al2O3,50,1523,138.625,1.92625,7.25,0.223278646,217.25,406.268,3.2
Al,Al2O3,103,1173,121,1.61,0,0,225,406.268,3.2
Al,Si1O2,150,973,121,1.61,0,0,225,598.8666667,2.666666667
Al,Si1O2,98,1073,121,1.61,0,0,225,598.8666667,2.666666667
Al,Si1O2,68,1173,121,1.61,0,0,225,598.8666667,2.666666667
Al,Ca1O1,100,1173,121,1.61,0,0,225,584.9,1
Ag,Al2O3,130,1373,145,1.93,10,0,225,406.268,3.2
Al,Al2O3,82,1150,121,1.61,0,0,225,406.268,3.2
Au,Al2O3,140,1373,136,2.54,10,0,225,406.268,3.2
Au,Al2O3,131,1365,136,2.54,10,0,225,406.268,3.2
Cu,Al2O3,128,1423,132,1.9,10,0,225,406.268,3.2
Fe,Al2O3,109,1853,132,1.83,6,2.1106628,229,406.268,3.2
Fe,Al2O3,130,1873,132,1.83,6,2.1106628,229,406.268,3.2
Ga,Al2O3,118,1173,122,1.81,10,0,64,406.268,3.2
In,Al2O3,124,429,142,1.78,10,0,139,406.268,3.2
Ni,Al2O3,109,1773,124,1.91,8,0.5953947,225,406.268,3.2
Ni,Al2O3,123,1873,124,1.91,8,0.5953947,225,406.268,3.2
Pb,Al2O3,117,1173,146,2.33,10,0,225,406.268,3.2
Pb,Al2O3,132,1173,146,2.33,10,0,225,406.268,3.2
Sb,Al2O3,102,998,139,2.05,10,0,166,406.268,3.2
Si,Al2O3,80,1723,111,1.9,0,0,227,406.268,3.2
Sn,Al2O3,125,1373,139,1.96,10,0,141,406.268,3.2
Al0.98Ca0.02,Ca1O1,92,1173,122.1,1.5978,0,0,225,584.9,1
Al0.9Mg0.1,Mg1O1,102,1173,123,1.58,0,0,221.9,488.9,1
Cu,Al2O3,120,1523,132,1.9,10,0,225,406.268,3.2
Cu0.975O0.025,Al2O3,30,1523,130.35,1.9385,9.75,0,219.675,406.268,3.2
Cu0.9Ti0.1,Ti1O1,30,1423,134.8,1.864,9.2,2.25E-06,221.9,997.9,1
Cu,Al2O3,128,1373,132,1.9,10,0,225,406.268,3.2
Cu0.975Ti0.025,Al2O3,75,1373,132.7,1.891,9.8,5.63E-07,224.225,406.268,3.2
Cu0.95Ti0.05,Al2O3,44,1373,133.4,1.882,9.6,1.13E-06,223.45,406.268,3.2
Cu0.925Ti0.075,Al2O3,31,1373,134.1,1.873,9.4,1.69E-06,222.675,406.268,3.2
Cu0.9Ti0.1,Al2O3,27,1373,134.8,1.864,9.2,2.25E-06,221.9,406.268,3.2
Cu0.875Ti0.125,Al2O3,21,1373,135.5,1.855,9,2.82E-06,221.125,406.268,3.2
Cu0.75Ti0.25,Al2O3,33,1273,139,1.81,8,5.63E-06,217.25,406.268,3.2
Cu0.75Ti0.25,Al2O3,16,1373,139,1.81,8,5.63E-06,217.25,406.268,3.2
Cu0.75Ti0.25,Al2O3,10,1473,139,1.81,8,5.63E-06,217.25,406.268,3.2
Cu0.75Ti0.25,Al2O3,12,1573,139,1.81,8,5.63E-06,217.25,406.268,3.2
Al,Si1O2,87.5,1073,121,1.61,0,0,225,598.8666667,2.666666667
Al0.92Mg0.08,Si1O2,76.5,1073,122.6,1.586,0,0,222.52,598.8666667,2.666666667
Al0.8Mg0.2,Si1O2,50,1073,125,1.55,0,0,218.8,598.8666667,2.666666667
Al0.57Mg0.43,Si1O2,18,1073,129.6,1.481,0,0,211.67,598.8666667,2.666666667
Al0.31Mg0.69,Si1O2,6.5,1073,134.8,1.403,0,0,203.61,598.8666667,2.666666667
Mg,Si1O2,4,1073,141,1.31,0,0,194,598.8666667,2.666666667
Al0.57Mg0.43,Si1O2,15,1023,129.6,1.481,0,0,211.67,598.8666667,2.666666667
Al0.57Mg0.43,Si1O2,32,1123,129.6,1.481,0,0,211.67,598.8666667,2.666666667
Au,Al2O3,137.5,1423,136,2.54,10,0,225,406.268,3.2
Au0.99Ti0.01,Al2O3,97.22222222,1423,136.24,2.53,9.92,2.25E-07,224.69,406.268,3.2
Au0.98Ti0.02,Al2O3,85.83333333,1423,136.48,2.52,9.84,4.51E-07,224.38,406.268,3.2
Au0.97Ti0.03,Al2O3,78.33333333,1423,136.72,2.51,9.76,6.76E-07,224.07,406.268,3.2
Au0.94Ti0.06,Al2O3,69.16666667,1423,137.44,2.48,9.52,1.35E-06,223.14,406.268,3.2
Au0.92Ti0.08,Al2O3,68.05555556,1423,137.92,2.46,9.36,1.80E-06,222.52,406.268,3.2
Ga,Al2O3,125.2777778,1323,122,1.81,10,0,64,406.268,3.2
Ga0.996Ti0.004,Al2O3,74.27631579,1323,122.152,1.80892,9.968,9.01E-08,64.52,406.268,3.2
Ga0.992Ti0.008,Al2O3,72.71929825,1323,122.304,1.80784,9.936,1.80E-07,65.04,406.268,3.2
Ga0.991Ti0.009,Al2O3,69.41520468,1323,122.342,1.80757,9.928,2.03E-07,65.17,406.268,3.2
Ga0.99Ti0.01,Al2O3,65.55555556,1323,122.38,1.8073,9.92,2.25E-07,65.3,406.268,3.2
Ga0.978Ti0.022,Al2O3,63.10672515,1323,122.836,1.80406,9.824,4.96E-07,66.86,406.268,3.2
Ga0.962Ti0.038,Al2O3,56.33040936,1323,123.444,1.79974,9.696,8.56E-07,68.94,406.268,3.2
Ga0.957Ti0.043,Al2O3,64.80263158,1323,123.634,1.79839,9.656,9.69E-07,69.59,406.268,3.2
Ga0.938Ti0.062,Al2O3,56.99561404,1323,124.356,1.79326,9.504,1.40E-06,72.06,406.268,3.2
Ga0.92Ti0.08,Al2O3,64.16666667,1323,125.04,1.7884,9.36,1.80E-06,74.4,406.268,3.2
Cu0.99Ti0.01,Mg1O1,95,1423,132.28,1.8964,9.92,2.25E-07,224.69,488.9,1
Cu0.98Ti0.02,Mg1O1,61.9371345,1423,132.56,1.8928,9.84,4.51E-07,224.38,488.9,1
Cu0.97Ti0.03,Mg1O1,44.44444444,1423,132.84,1.8892,9.76,6.76E-07,224.07,488.9,1
Cu0.96Ti0.04,Mg1O1,37.5,1423,133.12,1.8856,9.68,9.01E-07,223.76,488.9,1
Cu0.94Ti0.06,Mg1O1,28.05555556,1423,133.68,1.8784,9.52,1.35E-06,223.14,488.9,1
Cu,Al2O3,128.5964912,1423,132,1.9,10,0,225,406.268,3.2
Cu0.99Ti0.01,Al2O3,88.88888889,1423,132.28,1.8964,9.92,2.25E-07,224.69,406.268,3.2
Cu0.98Ti0.02,Al2O3,51.38157895,1423,132.56,1.8928,9.84,4.51E-07,224.38,406.268,3.2
Cu0.96Ti0.04,Al2O3,33.05555556,1423,133.12,1.8856,9.68,9.01E-07,223.76,406.268,3.2
Cu0.94Ti0.06,Al2O3,23.61111111,1423,133.68,1.8784,9.52,1.35E-06,223.14,406.268,3.2
Cu0.92Ti0.08,Al2O3,16.9371345,1423,134.24,1.8712,9.36,1.80E-06,222.52,406.268,3.2
Sn,Si1O2,128.0555556,1273,139,1.96,10,0,141,598.8666667,2.666666667
Sn0.99Ti0.01,Si1O2,48.33333333,1273,139.21,1.9558,9.92,2.25E-07,141.53,598.8666667,2.666666667
Sn0.98Ti0.02,Si1O2,31.38157895,1273,139.42,1.9516,9.84,4.51E-07,142.06,598.8666667,2.666666667
Sn0.97Ti0.03,Si1O2,19.44444444,1273,139.63,1.9474,9.76,6.76E-07,142.59,598.8666667,2.666666667
Sn0.96Ti0.04,Si1O2,13.05555556,1273,139.84,1.9432,9.68,9.01E-07,143.12,598.8666667,2.666666667
Sn0.94Ti0.06,Si1O2,6.381578947,1273,140.26,1.9348,9.52,1.35E-06,144.18,598.8666667,2.666666667
Sn,Al2O3,128.0555556,1173,139,1.96,10,0,141,406.268,3.2
Sn0.995Sc0.005,Al2O3,70.97222222,1173,139.155,1.957,9.955,3.18E-08,141.265,406.268,3.2
Sn0.994Sc0.006,Al2O3,54.88304094,1173,139.186,1.9564,9.946,3.81E-08,141.318,406.268,3.2
Sn0.993Sc0.007,Al2O3,49.91959064,1173,139.217,1.9558,9.937,4.45E-08,141.371,406.268,3.2
Sn0.992Sc0.008,Al2O3,46.05263158,1173,139.248,1.9552,9.928,5.08E-08,141.424,406.268,3.2
Sn0.982Sc0.018,Al2O3,35.78216374,1173,139.558,1.9492,9.838,1.14E-07,141.954,406.268,3.2
Sn0.981Sc0.019,Al2O3,35.24853801,1173,139.589,1.9486,9.829,1.21E-07,142.007,406.268,3.2
In,Al2O3,129.1666667,973,142,1.78,10,0,139,406.268,3.2
In0.992Sc0.008,Al2O3,19.39327485,973,142.224,1.77664,9.928,5.08E-08,139.44,406.268,3.2
In0.986Sc0.014,Al2O3,12.8874269,973,142.392,1.77412,9.874,8.89E-08,139.77,406.268,3.2
In0.984Sc0.016,Al2O3,11.27923977,973,142.448,1.77328,9.856,1.02E-07,139.88,406.268,3.2
In0.979Sc0.021,Al2O3,11.41812865,973,142.588,1.77118,9.811,1.33E-07,140.155,406.268,3.2
In0.973Sc0.027,Al2O3,10.46783626,973,142.756,1.76866,9.757,1.71E-07,140.485,406.268,3.2
In0.952Sc0.048,Al2O3,11.05263158,973,143.344,1.75984,9.568,3.05E-07,141.64,406.268,3.2
Cu,Al2O3,161.4309743,1423,132,1.9,10,0,225,406.268,3.2
Ag0.72Cu0.28,Ca1F2,125.4935955,1423,141.36,1.9216,10,0,225,407.3333333,0.666666667
Bi,U1O2,163.1698797,1073,148,2.02,10,0,12,505.8666667,1.333333333
Sn,Al2O3,133,973,139,1.96,10,0,141,406.268,3.2
Sn,Al2O3,127,1073,139,1.96,10,0,141,406.268,3.2
Sn,Al2O3,127,1173,139,1.96,10,0,141,406.268,3.2
Sn,Al2O3,127,1273,139,1.96,10,0,141,406.268,3.2
Sn0.98Ti0.02,Al2O3,92,973,139.42,1.9516,9.84,4.51E-07,142.06,406.268,3.2
Sn0.98Ti0.02,Al2O3,78,1073,139.42,1.9516,9.84,4.51E-07,142.06,406.268,3.2
Sn0.98Ti0.02,Al2O3,77,1173,139.42,1.9516,9.84,4.51E-07,142.06,406.268,3.2
Sn0.98Ti0.02,Al2O3,77,1273,139.42,1.9516,9.84,4.51E-07,142.06,406.268,3.2
Sn0.95Ti0.05,Al2O3,83,973,140.05,1.939,9.6,1.13E-06,143.65,406.268,3.2
Sn0.95Ti0.05,Al2O3,59,1073,140.05,1.939,9.6,1.13E-06,143.65,406.268,3.2
Sn0.95Ti0.05,Al2O3,50,1173,140.05,1.939,9.6,1.13E-06,143.65,406.268,3.2
Sn0.95Ti0.05,Al2O3,49,1273,140.05,1.939,9.6,1.13E-06,143.65,406.268,3.2
Al,Ti1O2,148,973,121,1.61,0,0,225,683.5333333,1.333333333
Al,Ti1O2,127,1073,121,1.61,0,0,225,683.5333333,1.333333333
Al,Ti1O2,91,1173,121,1.61,0,0,225,683.5333333,1.333333333
Al,Ti1O2,85,1273,121,1.61,0,0,225,683.5333333,1.333333333
Fe,Al2O3,132,1823,132,1.83,6,2.1106628,229,406.268,3.2
Fe,Al2O3,133,1838,132,1.83,6,2.1106628,229,406.268,3.2
Fe,Al2O3,134,1848,132,1.83,6,2.1106628,229,406.268,3.2
Fe,Al2O3,134,1858,132,1.83,6,2.1106628,229,406.268,3.2
Fe,Al2O3,132,1873,132,1.83,6,2.1106628,229,406.268,3.2
Fe,Al2O3,115,1823,132,1.83,6,2.1106628,229,406.268,3.2
Fe0.84Cr0.16,Al2O3,155,1823,133.12,1.8028,5.84,1.772956752,229,406.268,3.2
Fe0.84Cr0.16,Al2O3,148,1823,133.12,1.8028,5.84,1.772956752,229,406.268,3.2
Fe0.68Cr0.32,Al2O3,147,1823,134.24,1.7756,5.68,1.435250704,229,406.268,3.2
Fe0.68Cr0.32,Al2O3,143,1823,134.24,1.7756,5.68,1.435250704,229,406.268,3.2
Fe0.68Cr0.32,Al2O3,140,1823,134.24,1.7756,5.68,1.435250704,229,406.268,3.2
Fe,Al2O3,119,1823,132,1.83,6,2.1106628,229,406.268,3.2
Fe0.88Cr0.12,Al2O3,118,1823,132.84,1.8096,5.88,1.857383264,229,406.268,3.2
Fe0.83Cr0.17,Al2O3,117,1823,133.19,1.8011,5.83,1.751850124,229,406.268,3.2
Fe0.8Cr0.2,Al2O3,110,1823,133.4,1.796,5.8,1.68853024,229,406.268,3.2
Fe0.78Cr0.22,Al2O3,114,1823,133.54,1.7926,5.78,1.646316984,229,406.268,3.2
Fe0.88Cr0.12,Mg1O1,102,1823,132.84,1.8096,5.88,1.857383264,229,488.9,1
Fe0.83Cr0.17,Mg1O1,114,1823,133.19,1.8011,5.83,1.751850124,229,488.9,1
Fe0.8Cr0.2,Mg1O1,102,1823,133.4,1.796,5.8,1.68853024,229,488.9,1
Fe0.78Cr0.22,Mg1O1,102,1823,133.54,1.7926,5.78,1.646316984,229,488.9,1
Ag,Al2O3,121,1373,145,1.93,10,0,225,406.268,3.2
Ag,Al2O3,118,1373,145,1.93,10,0,225,406.268,3.2
Ag,Al2O3,110,1373,145,1.93,10,0,225,406.268,3.2
Ag,Al2O3,99,1373,145,1.93,10,0,225,406.268,3.2
Ag,Al2O3,94,1373,145,1.93,10,0,225,406.268,3.2
Ag,Al2O3,90,1373,145,1.93,10,0,225,406.268,3.2
Ag,Al2O3,91,1373,145,1.93,10,0,225,406.268,3.2
Ag,Al2O3,85,1373,145,1.93,10,0,225,406.268,3.2
Ag,Al2O3,79,1373,145,1.93,10,0,225,406.268,3.2
Ag,Al2O3,129,1373,145,1.93,10,0,225,406.268,3.2
Ag,Al2O3,120,1373,145,1.93,10,0,225,406.268,3.2
Ag,Al2O3,112,1373,145,1.93,10,0,225,406.268,3.2
Ag,Al2O3,86,1373,145,1.93,10,0,225,406.268,3.2
Ag,Al2O3,130,1381,145,1.93,10,0,225,406.268,3.2
Ag,Al2O3,110,1381,145,1.93,10,0,225,406.268,3.2
Ag,Al2O3,96,1381,145,1.93,10,0,225,406.268,3.2
Ag,Al2O3,92,1381,145,1.93,10,0,225,406.268,3.2
Ag,Al2O3,86,1381,145,1.93,10,0,225,406.268,3.2
Ag,Al2O3,82.5,1381,145,1.93,10,0,225,406.268,3.2
Cu,Y2O3,145,1423,132,1.9,10,0,225,752.48,1.2
Ag,Y2O3,141,1423,145,1.93,10,0,225,752.48,1.2
Au,Y2O3,134,1423,136,2.54,10,0,225,752.48,1.2
Sn,Y2O3,84,1423,139,1.96,10,0,141,752.48,1.2
Ge,Y2O3,47,1423,120,2.01,10,0,225,752.48,1.2
Cu,Gd2O3,129,1423,132,1.9,10,0,225,667.28,1.2
Ag,Gd2O3,128,1423,145,1.93,10,0,225,667.28,1.2
Au,Gd2O3,127,1423,136,2.54,10,0,225,667.28,1.2
Sn,Gd2O3,81,1423,139,1.96,10,0,141,667.28,1.2
Ge,Gd2O3,43,1423,120,2.01,10,0,225,667.28,1.2
Cu,Tb2O3,148,1423,132,1.9,10,0,225,684.48,1.2
Ag,Tb2O3,137,1423,145,1.93,10,0,225,684.48,1.2
Au,Tb2O3,130,1423,136,2.54,10,0,225,684.48,1.2
Sn,Tb2O3,75,1423,139,1.96,10,0,141,684.48,1.2
Ge,Tb2O3,41,1423,120,2.01,10,0,225,684.48,1.2
Cu,Dy2O3,147,1423,132,1.9,10,0,225,706.88,1.2
Ag,Dy2O3,137,1423,145,1.93,10,0,225,706.88,1.2
Au,Dy2O3,132,1423,136,2.54,10,0,225,706.88,1.2
Sn,Dy2O3,85,1423,139,1.96,10,0,141,706.88,1.2
Ge,Dy2O3,46,1423,120,2.01,10,0,225,706.88,1.2
Cu,Ho2O3,149,1423,132,1.9,10,0,225,731.68,1.2
Ag,Ho2O3,145,1423,145,1.93,10,0,225,731.68,1.2
Au,Ho2O3,144,1423,136,2.54,10,0,225,731.68,1.2
Sn,Ho2O3,96,1423,139,1.96,10,0,141,731.68,1.2
Ge,Ho2O3,57,1423,120,2.01,10,0,225,731.68,1.2
Cu,Er2O3,152,1423,132,1.9,10,0,225,740.88,1.2
Ag,Er2O3,145,1423,145,1.93,10,0,225,740.88,1.2
Au,Er2O3,140,1423,136,2.54,10,0,225,740.88,1.2
Sn,Er2O3,88,1423,139,1.96,10,0,141,740.88,1.2
Ge,Er2O3,53,1423,120,2.01,10,0,225,740.88,1.2
Cu,Tm2O3,148,1423,132,1.9,10,0,225,760.08,1.2
Ag,Tm2O3,144,1423,145,1.93,10,0,225,760.08,1.2
Au,Tm2O3,127,1423,136,2.54,10,0,225,760.08,1.2
Sn,Tm2O3,81,1423,139,1.96,10,0,141,760.08,1.2
Ge,Tm2O3,46,1423,120,2.01,10,0,225,760.08,1.2
Cu,Yb2O3,125,1423,132,1.9,10,0,225,469.68,1.2
Ag,Yb2O3,116,1423,145,1.93,10,0,225,469.68,1.2
Au,Yb2O3,113,1423,136,2.54,10,0,225,469.68,1.2
Sn,Yb2O3,81,1423,139,1.96,10,0,141,469.68,1.2
Ge,Yb2O3,51,1423,120,2.01,10,0,225,469.68,1.2
Cu,Lu2O3,149,1423,132,1.9,10,0,225,807.28,1.2
Ag,Lu2O3,147,1423,145,1.93,10,0,225,807.28,1.2
Au,Lu2O3,140,1423,136,2.54,10,0,225,807.28,1.2
Sn,Lu2O3,92,1423,139,1.96,10,0,141,807.28,1.2
Ge,Lu2O3,81,1423,120,2.01,10,0,225,807.28,1.2
Cu,Al2O3,134,1423,132,1.9,10,0,225,406.268,3.2
Ag,Al2O3,130,1423,145,1.93,10,0,225,406.268,3.2
Au,Al2O3,126,1423,136,2.54,10,0,225,406.268,3.2
Sn,Al2O3,124,1423,139,1.96,10,0,141,406.268,3.2
Ge,Al2O3,110,1423,120,2.01,10,0,225,406.268,3.2
Ag0.96Ti0.04,Y2O3,71,1423,145.6,1.9144,9.68,9.01E-07,223.76,752.48,1.2
Ag0.96Ti0.04,Er2O3,71,1423,145.6,1.9144,9.68,9.01E-07,223.76,740.88,1.2
Ag0.96Ti0.04,Al2O3,67,1423,145.6,1.9144,9.68,9.01E-07,223.76,406.268,3.2
Au0.92Ti0.08,Y2O3,65,1423,137.92,2.46,9.36,1.80E-06,222.52,752.48,1.2
Au0.92Ti0.08,Cd2O3,59,1423,137.92,2.46,9.36,1.80E-06,222.52,270.568,1.2
Au0.92Ti0.08,Er2O3,67,1423,137.92,2.46,9.36,1.80E-06,222.52,740.88,1.2
Au0.92Ti0.08,Tm2O3,67,1423,137.92,2.46,9.36,1.80E-06,222.52,760.08,1.2
Au0.92Ti0.08,Yb2O3,54,1423,137.92,2.46,9.36,1.80E-06,222.52,469.68,1.2
Au0.92Ti0.08,Lu2O3,63,1423,137.92,2.46,9.36,1.80E-06,222.52,807.28,1.2
Au0.92Ti0.08,Al2O3,62,1423,137.92,2.46,9.36,1.80E-06,222.52,406.268,3.2
Cu0.43Ti0.57,Y2O3,57,1423,147.96,1.6948,5.44,1.28E-05,207.33,752.48,1.2
Cu0.43Ti0.57,Cd2O3,49,1423,147.96,1.6948,5.44,1.28E-05,207.33,270.568,1.2
Cu0.43Ti0.57,Tb2O3,53,1423,147.96,1.6948,5.44,1.28E-05,207.33,684.48,1.2
Cu0.43Ti0.57,Dy2O3,60,1423,147.96,1.6948,5.44,1.28E-05,207.33,706.88,1.2
Cu0.43Ti0.57,Ho2O3,48,1423,147.96,1.6948,5.44,1.28E-05,207.33,731.68,1.2
Cu0.43Ti0.57,Er2O3,59,1423,147.96,1.6948,5.44,1.28E-05,207.33,740.88,1.2
Cu0.43Ti0.57,Tm2O3,58,1423,147.96,1.6948,5.44,1.28E-05,207.33,760.08,1.2
Cu0.43Ti0.57,Yb2O3,29,1423,147.96,1.6948,5.44,1.28E-05,207.33,469.68,1.2
Cu0.43Ti0.57,Lu2O3,60,1423,147.96,1.6948,5.44,1.28E-05,207.33,807.28,1.2
Cu0.43Ti0.57,Al2O3,2,1423,147.96,1.6948,5.44,1.28E-05,207.33,406.268,3.2
Sn0.96Ti0.04,Y2O3,31,1423,139.84,1.9432,9.68,9.01E-07,143.12,752.48,1.2
Sn0.96Ti0.04,Cd2O3,29,1423,139.84,1.9432,9.68,9.01E-07,143.12,270.568,1.2
Sn0.96Ti0.04,Dy2O3,32,1423,139.84,1.9432,9.68,9.01E-07,143.12,706.88,1.2
Sn0.96Ti0.04,Ho2O3,32,1423,139.84,1.9432,9.68,9.01E-07,143.12,731.68,1.2
Sn0.96Ti0.04,Er2O3,35,1423,139.84,1.9432,9.68,9.01E-07,143.12,740.88,1.2
Sn0.96Ti0.04,Tm2O3,31,1423,139.84,1.9432,9.68,9.01E-07,143.12,760.08,1.2
Sn0.96Ti0.04,Yb2O3,25,1423,139.84,1.9432,9.68,9.01E-07,143.12,469.68,1.2
Sn0.96Ti0.04,Lu2O3,41,1423,139.84,1.9432,9.68,9.01E-07,143.12,807.28,1.2
Sn0.96Ti0.04,Al2O3,59,1423,139.84,1.9432,9.68,9.01E-07,143.12,406.268,3.2
Ge0.95Ti0.05,Y2O3,24,1423,122,1.9865,9.6,1.13E-06,223.45,752.48,1.2
Ge0.95Ti0.05,Cd2O3,22,1423,122,1.9865,9.6,1.13E-06,223.45,270.568,1.2
Ge0.95Ti0.05,Tb2O3,27,1423,122,1.9865,9.6,1.13E-06,223.45,684.48,1.2
Ge0.95Ti0.05,Dy2O3,28,1423,122,1.9865,9.6,1.13E-06,223.45,706.88,1.2
Ge0.95Ti0.05,Ho2O3,29,1423,122,1.9865,9.6,1.13E-06,223.45,731.68,1.2
Ge0.95Ti0.05,Er2O3,32,1423,122,1.9865,9.6,1.13E-06,223.45,740.88,1.2
Ge0.95Ti0.05,Tm2O3,27,1423,122,1.9865,9.6,1.13E-06,223.45,760.08,1.2
Ge0.95Ti0.05,Yb2O3,22,1423,122,1.9865,9.6,1.13E-06,223.45,469.68,1.2
Ge0.95Ti0.05,Lu2O3,24,1423,122,1.9865,9.6,1.13E-06,223.45,807.28,1.2
Ge0.95Ti0.05,Al2O3,39,1423,122,1.9865,9.6,1.13E-06,223.45,406.268,3.2
Cu,Al2O3,129.122807,1423,132,1.9,10,0,225,406.268,3.2
Cu0.992Ti0.008,Al2O3,87.36842105,1423,132.224,1.89712,9.936,1.80E-07,224.752,406.268,3.2
Cu0.979Ti0.021,Al2O3,68.42105263,1423,132.588,1.89244,9.832,4.73E-07,224.349,406.268,3.2
Cu0.974Ti0.026,Al2O3,49.12280702,1423,132.728,1.89064,9.792,5.86E-07,224.194,406.268,3.2
Cu0.95Ti0.05,Al2O3,20.35087719,1423,133.4,1.882,9.6,1.13E-06,223.45,406.268,3.2
Cu0.941Ti0.059,Al2O3,9.473684211,1423,133.652,1.87876,9.528,1.33E-06,223.171,406.268,3.2
Cu0.924Ti0.076,Al2O3,3.50877193,1423,134.128,1.87264,9.392,1.71E-06,222.644,406.268,3.2
Cu0.898Ti0.102,Al2O3,2.807017544,1423,134.856,1.86328,9.184,2.30E-06,221.838,406.268,3.2
Cu,Y2O3,141.0526316,1423,132,1.9,10,0,225,752.48,1.2
Cu0.954Ti0.046,Y2O3,112.6315789,1423,133.288,1.88344,9.632,1.04E-06,223.574,752.48,1.2
Cu0.897Ti0.103,Y2O3,80.70175439,1423,134.884,1.86292,9.176,2.32E-06,221.807,752.48,1.2
Cu0.826Ti0.174,Y2O3,71.57894737,1423,136.872,1.83736,8.608,3.92E-06,219.606,752.48,1.2
Cu0.748Ti0.252,Y2O3,61.05263158,1423,139.056,1.80928,7.984,5.68E-06,217.188,752.48,1.2
Cu0.631Ti0.369,Y2O3,55.78947368,1423,142.332,1.76716,7.048,8.31E-06,213.561,752.48,1.2
Cu0.566Ti0.434,Y2O3,55.78947368,1423,144.152,1.74376,6.528,9.78E-06,211.546,752.48,1.2
Cu0.511Ti0.489,Y2O3,55.0877193,1423,145.692,1.72396,6.088,1.10E-05,209.841,752.48,1.2
Cu0.406Ti0.594,Y2O3,54.38596491,1423,148.632,1.68616,5.248,1.34E-05,206.586,752.48,1.2
Cu,Er2O3,144.5614035,1423,132,1.9,10,0,225,740.88,1.2
Cu0.963Ti0.037,Er2O3,118.9473684,1423,133.036,1.88668,9.704,8.34E-07,223.853,740.88,1.2
Cu0.903Ti0.097,Er2O3,91.57894737,1423,134.716,1.86508,9.224,2.19E-06,221.993,740.88,1.2
Cu0.848Ti0.152,Er2O3,81.40350877,1423,136.256,1.84528,8.784,3.43E-06,220.288,740.88,1.2
Cu0.733Ti0.267,Er2O3,68.77192982,1423,139.476,1.80388,7.864,6.02E-06,216.723,740.88,1.2
Cu0.663Ti0.337,Er2O3,64.56140351,1423,141.436,1.77868,7.304,7.59E-06,214.553,740.88,1.2
Cu0.577Ti0.423,Er2O3,63.15789474,1423,143.844,1.74772,6.616,9.53E-06,211.887,740.88,1.2
Cu0.496Ti0.504,Er2O3,62.45614035,1423,146.112,1.71856,5.968,1.14E-05,209.376,740.88,1.2
Cu0.412Ti0.588,Er2O3,62.10526316,1423,148.464,1.68832,5.296,1.32E-05,206.772,740.88,1.2
Cu,Y2O3,137,1423,132,1.9,10,0,225,752.48,1.2
Cu0.877Ge0.123,Y2O3,110,1423,130.524,1.91353,10,0,225,752.48,1.2
Cu0.843Ge0.157,Y2O3,90,1423,130.116,1.91727,10,0,225,752.48,1.2
Cu0.726Ge0.274,Y2O3,79,1423,128.712,1.93014,10,0,225,752.48,1.2
Cu0.647Ge0.353,Y2O3,77,1423,127.764,1.93883,10,0,225,752.48,1.2
Cu0.563Ge0.437,Y2O3,68,1423,126.756,1.94807,10,0,225,752.48,1.2
Cu0.491Ge0.509,Y2O3,62,1423,125.892,1.95599,10,0,225,752.48,1.2
Cu0.258Ge0.742,Y2O3,56,1423,123.096,1.98162,10,0,225,752.48,1.2
Cu0.049Ge0.951,Y2O3,50,1423,120.588,2.00461,10,0,225,752.48,1.2
Ge,Y2O3,48,1423,120,2.01,10,0,225,752.48,1.2
Cu,Al2O3,137,1423,132,1.9,10,0,225,406.268,3.2
Cu0.825Ge0.175,Al2O3,132,1423,129.9,1.91925,10,0,225,406.268,3.2
Cu0.746Ge0.254,Al2O3,128,1423,128.952,1.92794,10,0,225,406.268,3.2
Cu0.724Ge0.276,Al2O3,125,1423,128.688,1.93036,10,0,225,406.268,3.2
Cu0.604Ge0.396,Al2O3,125,1423,127.248,1.94356,10,0,225,406.268,3.2
Cu0.542Ge0.458,Al2O3,124,1423,126.504,1.95038,10,0,225,406.268,3.2
Cu0.412Ge0.588,Al2O3,116,1423,124.944,1.96468,10,0,225,406.268,3.2
Cu0.201Ge0.799,Al2O3,115,1423,122.412,1.98789,10,0,225,406.268,3.2
Cu0.093Ge0.907,Al2O3,113,1423,121.116,1.99977,10,0,225,406.268,3.2
Sn,Al2O3,122.6036342,1423,139,1.96,10,0,141,406.268,3.2
Sn0.995Ti0.005,Al2O3,97.64038655,1423,139.105,1.9579,9.96,1.13E-07,141.265,406.268,3.2
Sn0.99Ti0.01,Al2O3,62.94615873,1423,139.21,1.9558,9.92,2.25E-07,141.53,406.268,3.2
Sn0.978Ti0.022,Al2O3,47.17062796,1423,139.462,1.95076,9.824,4.96E-07,142.166,406.268,3.2
Sn0.96Ti0.04,Al2O3,42.59766427,1423,139.84,1.9432,9.68,9.01E-07,143.12,406.268,3.2
Sn0.941Ti0.059,Al2O3,40.50968247,1423,140.239,1.93522,9.528,1.33E-06,144.127,406.268,3.2
Sn,Y2O3,84.69310847,1423,139,1.96,10,0,141,752.48,1.2
Sn0.995Ti0.005,Y2O3,75.7322488,1423,139.105,1.9579,9.96,1.13E-07,141.265,752.48,1.2
Sn0.988Ti0.012,Y2O3,48.0288049,1423,139.252,1.95496,9.904,2.70E-07,141.636,752.48,1.2
Sn0.98Ti0.02,Y2O3,33.21592478,1423,139.42,1.9516,9.84,4.51E-07,142.06,752.48,1.2
Sn0.967Ti0.033,Y2O3,29.25786351,1423,139.693,1.94614,9.736,7.44E-07,142.749,752.48,1.2
Sn0.953Ti0.047,Y2O3,25.68635499,1423,139.987,1.94026,9.624,1.06E-06,143.491,752.48,1.2
Sn0.942Ti0.058,Y2O3,24.47744487,1423,140.218,1.93564,9.536,1.31E-06,144.074,752.48,1.2
Sn,Er2O3,81.5633745,1423,139,1.96,10,0,141,740.88,1.2
Sn0.996Ti0.004,Er2O3,72.24879669,1423,139.084,1.95832,9.968,9.01E-08,141.212,740.88,1.2
Sn0.989Ti0.011,Er2O3,52.18088877,1423,139.231,1.95538,9.912,2.48E-07,141.583,740.88,1.2
Sn0.981Ti0.019,Er2O3,40.14700944,1423,139.399,1.95202,9.848,4.28E-07,142.007,740.88,1.2
Sn0.975Ti0.025,Er2O3,33.644267,1423,139.525,1.9495,9.8,5.63E-07,142.325,740.88,1.2
Sn0.961Ti0.039,Er2O3,24.84161039,1423,139.819,1.94362,9.688,8.79E-07,143.067,740.88,1.2
Sn0.951Ti0.049,Er2O3,24.33118167,1423,140.029,1.93942,9.608,1.10E-06,143.597,740.88,1.2
Sn0.94Ti0.06,Er2O3,23.12227156,1423,140.26,1.9348,9.52,1.35E-06,144.18,740.88,1.2
Cu0.94Ti0.06,Si1O2,27,1423,133.68,1.8784,9.52,1.35E-06,223.14,598.8666667,2.666666667
Cu0.94Ti0.06,Al2O3,21,1423,133.68,1.8784,9.52,1.35E-06,223.14,406.268,3.2
Cu0.94Ti0.06,Ti2O3,21,1423,133.68,1.8784,9.52,1.35E-06,223.14,809.28,1.2
Cu0.94Ti0.06,Mg1O1,26,1423,133.68,1.8784,9.52,1.35E-06,223.14,488.9,1
Cu0.425Pd0.425Ti0.15,Al2O3,34,1423,139.175,1.9735,8.8,3.38E-06,220.35,406.268,3.2
Cu0.425Pd0.425Ti0.15,Si1O2,36,1423,139.175,1.9735,8.8,3.38E-06,220.35,598.8666667,2.666666667
Cu0.425Pd0.425Ti0.15,Al2O3,31,1423,139.175,1.9735,8.8,3.38E-06,220.35,406.268,3.2
Si,Al2O3,80,1703,111,1.9,0,0,227,406.268,3.2
Si,Si1O2,92,1703,111,1.9,0,0,227,598.8666667,2.666666667
Si,Y2O3,63,1703,111,1.9,0,0,227,752.48,1.2
Si,Al2O3,95,1723,111,1.9,0,0,227,406.268,3.2
Si,Zr1O2,90,1723,111,1.9,0,0,227,745.8666667,1.333333333
Si,Mg1O1,101,1723,111,1.9,0,0,227,488.9,1
Si,Be1O1,88,1723,111,1.9,0,0,227,807.4,1
Si,Al2O3,100,1723,111,1.9,0,0,227,406.268,3.2
Si,Zr1O2,96,1723,111,1.9,0,0,227,745.8666667,1.333333333
Si,Mg1O1,95,1723,111,1.9,0,0,227,488.9,1
Si,Be1O1,76,1723,111,1.9,0,0,227,807.4,1
Si,Ti1O2,107,1723,111,1.9,0,0,227,683.5333333,1.333333333
Ni,Zr1O2,118,1773,124,1.91,8,0.5953947,225,745.8666667,1.333333333
Ni,Al2O3,128,1773,124,1.91,8,0.5953947,225,406.268,3.2
Ni,Be1O1,128,1773,124,1.91,8,0.5953947,225,807.4,1
Ni,Mg1O1,132,1773,124,1.91,8,0.5953947,225,488.9,1
Ni,Ti1O2,104,1773,124,1.91,8,0.5953947,225,683.5333333,1.333333333
Ni,Zr1O2,131,1773,124,1.91,8,0.5953947,225,745.8666667,1.333333333
Ni,Th1O2,132,1773,124,1.91,8,0.5953947,225,710.8666667,1.333333333
Ni,Al2O3,133,1773,124,1.91,8,0.5953947,225,406.268,3.2
Ni,Be1O1,152,1773,124,1.91,8,0.5953947,225,807.4,1
Ni,Mg1O1,152,1773,124,1.91,8,0.5953947,225,488.9,1
Ni,Ti1O2,143,1773,124,1.91,8,0.5953947,225,683.5333333,1.333333333
Ni,Zr1O2,120,1773,124,1.91,8,0.5953947,225,745.8666667,1.333333333
Ni,Th1O2,134,1773,124,1.91,8,0.5953947,225,710.8666667,1.333333333
Ni,Al2O3,141,1773,124,1.91,8,0.5953947,225,406.268,3.2
Ni,Be1O1,146,1773,124,1.91,8,0.5953947,225,807.4,1
Ni,Ti1O2,121,1773,124,1.91,8,0.5953947,225,683.5333333,1.333333333
Ni,Al2O3,112,1755,124,1.91,8,0.5953947,225,406.268,3.2
Ni0.97Al0.03,Al2O3,113,1755,123.91,1.901,7.76,0.577532859,225,406.268,3.2
Ni0.92Al0.08,Al2O3,134,1755,123.76,1.886,7.36,0.547763124,225,406.268,3.2
Ni0.75Al0.25,Al2O3,94,1670,123.25,1.835,6,0.446546025,225,406.268,3.2
Ni,Al2O3,108,1773,124,1.91,8,0.5953947,225,406.268,3.2
Ni,Al2O3,110,1773,124,1.91,8,0.5953947,225,406.268,3.2
Ni,Al2O3,107,1853,124,1.91,8,0.5953947,225,406.268,3.2
Ni,Al2O3,109,1755,124,1.91,8,0.5953947,225,406.268,3.2
Ni,Al2O3,112,1750,124,1.91,8,0.5953947,225,406.268,3.2
Ni0.97Al0.03,Al2O3,95,1750,123.91,1.901,7.76,0.577532859,225,406.268,3.2
Ni0.75Al0.25,Al2O3,83,1750,123.25,1.835,6,0.446546025,225,406.268,3.2
Al,Al2O3,65,1750,121,1.61,0,0,225,406.268,3.2
Cu0.425Pd0.425Ti0.15,Al2O3,128,1423,139.175,1.9735,8.8,3.38E-06,220.35,406.268,3.2
Cu0.425Pd0.425Ti0.15,Ti2O3,113,1423,139.175,1.9735,8.8,3.38E-06,220.35,809.28,1.2
Cu0.425Pd0.425Ti0.15,Ti1O1.14,82,1423,139.175,1.9735,8.8,3.38E-06,220.35,936.2018692,1.065420561
Cu0.425Pd0.425Ti0.15,Ti1O0.86,72,1423,139.175,1.9735,8.8,3.38E-06,220.35,1068.886022,0.924731183
Ni0.5Pd0.5,Al2O3,112.075347,1523,131.5,2.055,9,0.29769735,225,406.268,3.2
Ni0.49Pd0.491Ti0.019,Al2O3,103.8730998,1523,132.049,2.04536,8.868,0.291743831,224.411,406.268,3.2
Ni0.492Pd0.492Ti0.016,Al2O3,98.26173166,1523,131.956,2.04676,8.888,0.292934553,224.504,406.268,3.2
Ni0.486Pd0.486Ti0.028,Al2O3,94.85789822,1523,132.298,2.04058,8.804,0.289362455,224.132,406.268,3.2
Ni0.471Pd0.471Ti0.058,Al2O3,97.02247191,1523,133.153,2.02513,8.594,0.280432211,223.202,406.268,3.2
Ni0.464Pd0.465Ti0.071,Al2O3,96.14342366,1523,133.531,2.01858,8.504,0.276264741,222.799,406.268,3.2
Ni0.453Pd0.453Ti0.094,Al2O3,81.18968936,1523,134.179,2.00659,8.342,0.269715917,222.086,406.268,3.2
Ni0.442Pd0.442Ti0.116,Al2O3,76.07072042,1523,134.806,1.99526,8.188,0.263167071,221.404,406.268,3.2
Ni0.434Pd0.435Ti0.131,Al2O3,69.28949108,1523,135.241,1.98768,8.084,0.258404252,220.939,406.268,3.2
Ni0.424Pd0.425Ti0.151,Al2O3,72.32319894,1523,135.811,1.97738,7.944,0.252450755,220.319,406.268,3.2
Ni0.412Pd0.412Ti0.176,Al2O3,68.31791143,1523,136.516,1.96436,7.768,0.245306582,219.544,406.268,3.2
Ni0.4Pd0.4Ti0.2,Al2O3,57.57766028,1523,137.2,1.952,7.6,0.238162387,218.8,406.268,3.2
Ni0.384Pd0.385Ti0.231,Al2O3,50.46926636,1523,138.091,1.93618,7.384,0.22863677,217.839,406.268,3.2
Ni0.374Pd0.375Ti0.251,Al2O3,50.69398546,1523,138.661,1.92588,7.244,0.222683274,217.219,406.268,3.2
Ni,Al2O3,111,1773,124,1.91,8,0.5953947,225,406.268,3.2
Ni0.95Cr0.05,Al2O3,98,1773,124.75,1.8975,7.85,0.565624965,225.2,406.268,3.2
Ni0.9Cr0.1,Al2O3,91,1773,125.5,1.885,7.7,0.53585523,225.4,406.268,3.2
Ni0.85Cr0.15,Al2O3,89,1773,126.25,1.8725,7.55,0.506085495,225.6,406.268,3.2
Ni0.8Cr0.2,Al2O3,89,1773,127,1.86,7.4,0.47631576,225.8,406.268,3.2
Al,Al2O3,103,933,121,1.61,0,0,225,406.268,3.2
Au,Al2O3,120,1423,136,2.54,10,0,225,406.268,3.2
Co,Al2O3,113,1803,126,1.88,7,1.5484712,194,406.268,3.2
Ge,Al2O3,104,1423,120,2.01,10,0,225,406.268,3.2
Mn,Al2O3,103,1823,139,1.55,5,0.000310121,217,406.268,3.2
Pd,Al2O3,120,1873,139,2.2,10,0,225,406.268,3.2
Co,Al2O3,115,1793,126,1.88,7,1.5484712,194,406.268,3.2
Co,Co1O1,70,1773,126,1.88,7,1.5484712,194,911.4,1
Co,Zr1O2,118,1773,126,1.88,7,1.5484712,194,745.8666667,1.333333333
Fe,Al2O3,111,1848,132,1.83,6,2.1106628,229,406.268,3.2
Fe,Be1O1,127,1823,132,1.83,6,2.1106628,229,807.4,1
Fe,Ca1O1,132,1823,132,1.83,6,2.1106628,229,584.9,1
Fe,Cr2O3,88,1823,132,1.83,6,2.1106628,229,904.88,1.2
Fe,Mg1O1,123,1823,132,1.83,6,2.1106628,229,488.9,1
Fe,U1O2,123,1823,132,1.83,6,2.1106628,229,505.8666667,1.333333333
Fe,Zr1O2,115,1933,132,1.83,6,2.1106628,229,745.8666667,1.333333333
Ni,Al2O3,111,1808,124,1.91,8,0.5953947,225,406.268,3.2
Ni,Be1O1,127,1823,124,1.91,8,0.5953947,225,807.4,1
Ni,Ca1O1,135,1773,124,1.91,8,0.5953947,225,584.9,1
Ni,Co1O1,58,1773,124,1.91,8,0.5953947,225,911.4,1
Ni,Mg1O1,132,1823,124,1.91,8,0.5953947,225,488.9,1
Ni,Ni1O1,60,1773,124,1.91,8,0.5953947,225,891.4,1
Ni,Si1O2,125,1773,124,1.91,8,0.5953947,225,598.8666667,2.666666667
Ni,Ti1O2,105,1773,124,1.91,8,0.5953947,225,683.5333333,1.333333333
Ni,U1O2,112,1773,124,1.91,8,0.5953947,225,505.8666667,1.333333333
Ni,Zr1O2,121,1743,124,1.91,8,0.5953947,225,745.8666667,1.333333333
Ni,Al2O3,108,1823,124,1.91,8,0.5953947,225,406.268,3.2
Ni,Al2O3,112,1730,124,1.91,8,0.5953947,225,406.268,3.2
Sn,Co1O1,0.079470199,1173,139,1.96,10,0,141,911.4,1
Sn,Ni1O1,26.73377483,1273,139,1.96,10,0,141,891.4,1
Sn,Yb2O3,79.60529801,1423,139,1.96,10,0,141,469.68,1.2
Sn,Lu2O3,88.12715232,1423,139,1.96,10,0,141,807.28,1.2
Sn,Al2O3,120,1273,139,1.96,10,0,141,406.268,3.2
Sn,Mg1O1,121,505,139,1.96,10,0,141,488.9,1
Sn,Si1O2,124,505,139,1.96,10,0,141,598.8666667,2.666666667
Sn,Zr1O2,135.4728477,1073,139,1.96,10,0,141,745.8666667,1.333333333
Ni,Mg1O1,132.4,1773,124,1.91,8,0.5953947,225,488.9,1
Ni,Mg0.9Co0.1O1,127.6,1773,124,1.91,8,0.5953947,225,531.15,1
Ni,Mg0.7Co0.3O1,124,1773,124,1.91,8,0.5953947,225,615.65,1
Ni,Mg0.5Co0.5O1,122,1773,124,1.91,8,0.5953947,225,700.15,1
Ni,Mg0.3Co0.7O1,112,1773,124,1.91,8,0.5953947,225,784.65,1
Ni,Mg0.1Co0.9O1,74.4,1773,124,1.91,8,0.5953947,225,869.15,1
Ni,CuO2,58,1773,124,1.91,8,0.5953947,225,489.1233333,1.333333333
Sn,Ni1O1,27,1275,139,1.96,10,0,141,891.4,1
Ti,Mg1O1,0,2000,160,1.54,2,2.25E-05,194,488.9,1
Al,Si1O2,90,1073,121,1.61,0,0,225,598.8666667,2.666666667
Ga,Al2O3,129.7829634,305,122,1.81,10,0,64,406.268,3.2
Ga,Al2O3,127.8361619,438,122,1.81,10,0,64,406.268,3.2
Ga,Al2O3,126.3609661,583,122,1.81,10,0,64,406.268,3.2
Ga,Al2O3,124.2901436,773,122,1.81,10,0,64,406.268,3.2
Ga,Al2O3,121.6057441,973,122,1.81,10,0,64,406.268,3.2
Ga,Al2O3,119.3798956,1173,122,1.81,10,0,64,406.268,3.2
Ga,Si1O2,130.8730418,313,122,1.81,10,0,64,598.8666667,2.666666667
Ga,Si1O2,129.5414491,437,122,1.81,10,0,64,598.8666667,2.666666667
Ga,Si1O2,127.9144909,589,122,1.81,10,0,64,598.8666667,2.666666667
Ga,Si1O2,125.9970627,773,122,1.81,10,0,64,598.8666667,2.666666667
Ga,Si1O2,123.9343995,973,122,1.81,10,0,64,598.8666667,2.666666667
Ga,Si1O2,121.8603133,1173,122,1.81,10,0,64,598.8666667,2.666666667
Ga0.908Ni0.092,Si1O2,137,866,122.184,1.8192,9.816,0.054776312,78.812,598.8666667,2.666666667
Ga0.908Ni0.092,Si1O2,136,971,122.184,1.8192,9.816,0.054776312,78.812,598.8666667,2.666666667
Ga0.908Ni0.092,Si1O2,136,1076,122.184,1.8192,9.816,0.054776312,78.812,598.8666667,2.666666667
Ga0.908Ni0.092,Si1O2,135,1169,122.184,1.8192,9.816,0.054776312,78.812,598.8666667,2.666666667
Ga0.721Ag0.279,Si1O2,135,874,128.417,1.84348,10,0,108.919,598.8666667,2.666666667
Ga0.721Ag0.279,Si1O2,132,974,128.417,1.84348,10,0,108.919,598.8666667,2.666666667
Ga0.721Ag0.279,Si1O2,130,1072,128.417,1.84348,10,0,108.919,598.8666667,2.666666667
Ga0.721Ag0.279,Si1O2,126,1171,128.417,1.84348,10,0,108.919,598.8666667,2.666666667
Ga0.63Sn0.37,Si1O2,130,582,128.29,1.8655,10,0,92.49,598.8666667,2.666666667
Ga0.63Sn0.37,Si1O2,127,785,128.29,1.8655,10,0,92.49,598.8666667,2.666666667
Ga0.63Sn0.37,Si1O2,123,989,128.29,1.8655,10,0,92.49,598.8666667,2.666666667
Ga0.63Sn0.37,Si1O2,119,1161,128.29,1.8655,10,0,92.49,598.8666667,2.666666667
Ga0.353In0.647,Si1O2,127,440,134.94,1.79059,10,0,112.525,598.8666667,2.666666667
Ga0.353In0.647,Si1O2,125,589,134.94,1.79059,10,0,112.525,598.8666667,2.666666667
Ga0.353In0.647,Si1O2,121,784,134.94,1.79059,10,0,112.525,598.8666667,2.666666667
Ga0.353In0.647,Si1O2,118,983,134.94,1.79059,10,0,112.525,598.8666667,2.666666667
Ga0.353In0.647,Si1O2,116,1187,134.94,1.79059,10,0,112.525,598.8666667,2.666666667
Ga,Al2O3,121,1173,122,1.81,10,0,64,406.268,3.2
Ga0.985Cr0.015,Al2O3,119,1173,122.255,1.80775,9.925,0,66.475,406.268,3.2
Ga0.972Cr0.028,Al2O3,121,1173,122.476,1.8058,9.86,0,68.62,406.268,3.2
Ga0.961Cr0.039,Al2O3,118,1173,122.663,1.80415,9.805,0,70.435,406.268,3.2
Ga0.947Cr0.053,Al2O3,120,1173,122.901,1.80205,9.735,0,72.745,406.268,3.2
Ga0.939Cr0.061,Al2O3,118,1173,123.037,1.80085,9.695,0,74.065,406.268,3.2
Ga0.921Cr0.079,Al2O3,120,1173,123.343,1.79815,9.605,0,77.035,406.268,3.2
Ga0.917Cr0.083,Al2O3,117,1173,123.411,1.79755,9.585,0,77.695,406.268,3.2
Ga0.898Cr0.102,Al2O3,120,1173,123.734,1.7947,9.49,0,80.83,406.268,3.2
Ga,Al2O3,117,1323,122,1.81,10,0,64,406.268,3.2
Ga0.975Cr0.025,Al2O3,115,1323,122.425,1.80625,9.875,0,68.125,406.268,3.2
Ga0.944Cr0.056,Al2O3,114,1323,122.952,1.8016,9.72,0,73.24,406.268,3.2
Ga0.904Cr0.096,Al2O3,114,1323,123.632,1.7956,9.52,0,79.84,406.268,3.2
Ga0.884Cr0.116,Al2O3,114,1323,123.972,1.7926,9.42,0,83.14,406.268,3.2
Ga0.872Cr0.128,Al2O3,114,1323,124.176,1.7908,9.36,0,85.12,406.268,3.2
Ga0.851Cr0.149,Al2O3,112,1323,124.533,1.78765,9.255,0,88.585,406.268,3.2
Ga0.824Cr0.176,Al2O3,111,1323,124.992,1.7836,9.12,0,93.04,406.268,3.2
Ga0.808Cr0.192,Al2O3,111,1323,125.264,1.7812,9.04,0,95.68,406.268,3.2
Ga0.784Cr0.216,Al2O3,110,1323,125.672,1.7776,8.92,0,99.64,406.268,3.2
Ga0.995V0.005,Al2O3,109,1173,122.155,1.8091,9.965,0,64.825,406.268,3.2
Ga0.993V0.007,Al2O3,104,1173,122.217,1.80874,9.951,0,65.155,406.268,3.2
Ga0.99V0.01,Al2O3,103,1173,122.31,1.8082,9.93,0,65.65,406.268,3.2
Ga0.986V0.014,Al2O3,101,1173,122.434,1.80748,9.902,0,66.31,406.268,3.2
Ga0.982V0.018,Al2O3,97,1173,122.558,1.80676,9.874,0,66.97,406.268,3.2
Ga0.979V0.021,Al2O3,96,1173,122.651,1.80622,9.853,0,67.465,406.268,3.2
Ga0.996V0.004,Al2O3,106,1323,122.124,1.80928,9.972,0,64.66,406.268,3.2
Ga0.994V0.006,Al2O3,99,1323,122.186,1.80892,9.958,0,64.99,406.268,3.2
Ga0.993V0.007,Al2O3,97,1323,122.217,1.80874,9.951,0,65.155,406.268,3.2
Ga0.988V0.012,Al2O3,94,1323,122.372,1.80784,9.916,0,65.98,406.268,3.2
Ga0.983V0.017,Al2O3,92,1323,122.527,1.80694,9.881,0,66.805,406.268,3.2
Ga0.997Ti0.003,Al2O3,98,1173,122.114,1.80919,9.976,6.76E-08,64.39,406.268,3.2
Ga0.996Ti0.004,Al2O3,93,1173,122.152,1.80892,9.968,9.01E-08,64.52,406.268,3.2
Ga0.995Ti0.005,Al2O3,91,1173,122.19,1.80865,9.96,1.13E-07,64.65,406.268,3.2
Ga0.993Ti0.007,Al2O3,87,1173,122.266,1.80811,9.944,1.58E-07,64.91,406.268,3.2
Ga0.99Ti0.01,Al2O3,80,1173,122.38,1.8073,9.92,2.25E-07,65.3,406.268,3.2
Ga0.988Ti0.012,Al2O3,78,1173,122.456,1.80676,9.904,2.70E-07,65.56,406.268,3.2
Ga0.98Ti0.02,Al2O3,77,1173,122.76,1.8046,9.84,4.51E-07,66.6,406.268,3.2
Ga0.979Ti0.021,Al2O3,74,1173,122.798,1.80433,9.832,4.73E-07,66.73,406.268,3.2
Ga0.975Ti0.025,Al2O3,74,1173,122.95,1.80325,9.8,5.63E-07,67.25,406.268,3.2
Ga0.972Ti0.028,Al2O3,76,1173,123.064,1.80244,9.776,6.31E-07,67.64,406.268,3.2
Ga0.957Ti0.043,Al2O3,75,1173,123.634,1.79839,9.656,9.69E-07,69.59,406.268,3.2
Ga0.95Ti0.05,Al2O3,74,1173,123.9,1.7965,9.6,1.13E-06,70.5,406.268,3.2
Ga0.997Ti0.003,Al2O3,83,1323,122.114,1.80919,9.976,6.76E-08,64.39,406.268,3.2
Ga0.996Ti0.004,Al2O3,74,1323,122.152,1.80892,9.968,9.01E-08,64.52,406.268,3.2
Ga0.992Ti0.008,Al2O3,72,1323,122.304,1.80784,9.936,1.80E-07,65.04,406.268,3.2
Ga0.991Ti0.009,Al2O3,70,1323,122.342,1.80757,9.928,2.03E-07,65.17,406.268,3.2
Ga0.989Ti0.011,Al2O3,65,1323,122.418,1.80703,9.912,2.48E-07,65.43,406.268,3.2
Ga0.981Ti0.019,Al2O3,63,1323,122.722,1.80487,9.848,4.28E-07,66.47,406.268,3.2
Ga0.976Ti0.024,Al2O3,62,1323,122.912,1.80352,9.808,5.41E-07,67.12,406.268,3.2
Ga0.963Ti0.037,Al2O3,56,1323,123.406,1.80001,9.704,8.34E-07,68.81,406.268,3.2
Ga0.954Ti0.046,Al2O3,63,1323,123.748,1.79758,9.632,1.04E-06,69.98,406.268,3.2
Ga0.937Ti0.063,Al2O3,58,1323,124.394,1.79299,9.496,1.42E-06,72.19,406.268,3.2
Ga0.922Ti0.078,Al2O3,62,1323,124.964,1.78894,9.376,1.76E-06,74.14,406.268,3.2
Ga0.916Ti0.084,Al2O3,56,1323,125.192,1.78732,9.328,1.89E-06,74.92,406.268,3.2
Ga0.9Ti0.1,Al2O3,62,1323,125.8,1.783,9.2,2.25E-06,77,406.268,3.2
Ga0.89Ti0.11,Al2O3,63,1323,126.18,1.7803,9.12,2.48E-06,78.3,406.268,3.2
Ga0.885Ti0.115,Al2O3,56,1323,126.37,1.77895,9.08,2.59E-06,78.95,406.268,3.2
Ga,Si1O2,123,1173,122,1.81,10,0,64,598.8666667,2.666666667
Ga0.987Cr0.013,Si1O2,121,1173,122.221,1.80805,9.935,0,66.145,598.8666667,2.666666667
Ga0.978Cr0.022,Si1O2,122,1173,122.374,1.8067,9.89,0,67.63,598.8666667,2.666666667
Ga0.966Cr0.034,Si1O2,122,1173,122.578,1.8049,9.83,0,69.61,598.8666667,2.666666667
Ga0.94Cr0.06,Si1O2,120,1173,123.02,1.801,9.7,0,73.9,598.8666667,2.666666667
Ga0.931Cr0.069,Si1O2,120,1173,123.173,1.79965,9.655,0,75.385,598.8666667,2.666666667
Ga0.917Cr0.083,Si1O2,120,1173,123.411,1.79755,9.585,0,77.695,598.8666667,2.666666667
Ga0.904Cr0.096,Si1O2,121,1173,123.632,1.7956,9.52,0,79.84,598.8666667,2.666666667
Ga0.901Cr0.099,Si1O2,121,1173,123.683,1.79515,9.505,0,80.335,598.8666667,2.666666667
Ga,Si1O2,120,1323,122,1.81,10,0,64,598.8666667,2.666666667
Ga0.974Cr0.026,Si1O2,119,1323,122.442,1.8061,9.87,0,68.29,598.8666667,2.666666667
Ga0.953Cr0.047,Si1O2,118,1323,122.799,1.80295,9.765,0,71.755,598.8666667,2.666666667
Ga0.946Cr0.054,Si1O2,119,1323,122.918,1.8019,9.73,0,72.91,598.8666667,2.666666667
Ga0.909Cr0.091,Si1O2,117,1323,123.547,1.79635,9.545,0,79.015,598.8666667,2.666666667
Ga0.895Cr0.105,Si1O2,117,1323,123.785,1.79425,9.475,0,81.325,598.8666667,2.666666667
Ga0.88Cr0.12,Si1O2,117,1323,124.04,1.792,9.4,0,83.8,598.8666667,2.666666667
Ga0.835Cr0.165,Si1O2,116,1323,124.805,1.78525,9.175,0,91.225,598.8666667,2.666666667
Ga0.822Cr0.178,Si1O2,119,1323,125.026,1.7833,9.11,0,93.37,598.8666667,2.666666667
Ga0.784Cr0.216,Si1O2,118,1323,125.672,1.7776,8.92,0,99.64,598.8666667,2.666666667
Ga0.996V0.004,Si1O2,115,1173,122.124,1.80928,9.972,0,64.66,598.8666667,2.666666667
Ga0.993V0.007,Si1O2,116,1173,122.217,1.80874,9.951,0,65.155,598.8666667,2.666666667
Ga0.989V0.011,Si1O2,115,1173,122.341,1.80802,9.923,0,65.815,598.8666667,2.666666667
Ga0.983V0.017,Si1O2,114,1173,122.527,1.80694,9.881,0,66.805,598.8666667,2.666666667
Ga0.982V0.018,Si1O2,112,1173,122.558,1.80676,9.874,0,66.97,598.8666667,2.666666667
Ga0.996V0.004,Si1O2,114,1323,122.124,1.80928,9.972,0,64.66,598.8666667,2.666666667
Ga0.993V0.007,Si1O2,114,1323,122.217,1.80874,9.951,0,65.155,598.8666667,2.666666667
Ga0.988V0.012,Si1O2,114,1323,122.372,1.80784,9.916,0,65.98,598.8666667,2.666666667
Ga0.985V0.015,Si1O2,113,1323,122.465,1.8073,9.895,0,66.475,598.8666667,2.666666667
Ga0.98V0.02,Si1O2,114,1323,122.62,1.8064,9.86,0,67.3,598.8666667,2.666666667
Ga0.999Ti0.001,Si1O2,97,1173,122.038,1.80973,9.992,2.25E-08,64.13,598.8666667,2.666666667
Ga0.997Ti0.003,Si1O2,90,1173,122.114,1.80919,9.976,6.76E-08,64.39,598.8666667,2.666666667
Ga0.995Ti0.005,Si1O2,88,1173,122.19,1.80865,9.96,1.13E-07,64.65,598.8666667,2.666666667
Ga0.994Ti0.006,Si1O2,84,1173,122.228,1.80838,9.952,1.35E-07,64.78,598.8666667,2.666666667
Ga0.992Ti0.008,Si1O2,75,1173,122.304,1.80784,9.936,1.80E-07,65.04,598.8666667,2.666666667
Ga0.99Ti0.01,Si1O2,68,1173,122.38,1.8073,9.92,2.25E-07,65.3,598.8666667,2.666666667
Ga0.986Ti0.014,Si1O2,64,1173,122.532,1.80622,9.888,3.15E-07,65.82,598.8666667,2.666666667
Ga0.981Ti0.019,Si1O2,62,1173,122.722,1.80487,9.848,4.28E-07,66.47,598.8666667,2.666666667
Ga0.975Ti0.025,Si1O2,61,1173,122.95,1.80325,9.8,5.63E-07,67.25,598.8666667,2.666666667
Ga0.962Ti0.038,Si1O2,58,1173,123.444,1.79974,9.696,8.56E-07,68.94,598.8666667,2.666666667
Ga0.955Ti0.045,Si1O2,58,1173,123.71,1.79785,9.64,1.01E-06,69.85,598.8666667,2.666666667
Ga0.999Ti0.001,Si1O2,89,1323,122.038,1.80973,9.992,2.25E-08,64.13,598.8666667,2.666666667
Ga0.998Ti0.002,Si1O2,77,1323,122.076,1.80946,9.984,4.51E-08,64.26,598.8666667,2.666666667
Ga0.995Ti0.005,Si1O2,67,1323,122.19,1.80865,9.96,1.13E-07,64.65,598.8666667,2.666666667
Ga0.989Ti0.011,Si1O2,62,1323,122.418,1.80703,9.912,2.48E-07,65.43,598.8666667,2.666666667
Ga0.986Ti0.014,Si1O2,62,1323,122.532,1.80622,9.888,3.15E-07,65.82,598.8666667,2.666666667
Ga0.978Ti0.022,Si1O2,59,1323,122.836,1.80406,9.824,4.96E-07,66.86,598.8666667,2.666666667
Ga0.965Ti0.035,Si1O2,57,1323,123.33,1.80055,9.72,7.89E-07,68.55,598.8666667,2.666666667
Ga0.952Ti0.048,Si1O2,55,1323,123.824,1.79704,9.616,1.08E-06,70.24,598.8666667,2.666666667
Ga0.939Ti0.061,Si1O2,56,1323,124.318,1.79353,9.512,1.37E-06,71.93,598.8666667,2.666666667
Ga0.919Ti0.081,Si1O2,55,1323,125.078,1.78813,9.352,1.83E-06,74.53,598.8666667,2.666666667
Ga0.914Ti0.086,Si1O2,54,1323,125.268,1.78678,9.312,1.94E-06,75.18,598.8666667,2.666666667
Ga0.897Ti0.103,Si1O2,55,1323,125.914,1.78219,9.176,2.32E-06,77.39,598.8666667,2.666666667
Ga0.895Ti0.105,Si1O2,53,1323,125.99,1.78165,9.16,2.37E-06,77.65,598.8666667,2.666666667
Cu0.824Ga0.175Ti0.001,Al2O3,131,1323,130.278,1.88389,9.992,2.25E-08,196.794,406.268,3.2
Cu0.815Ga0.173Ti0.012,Al2O3,98,1323,130.606,1.88011,9.904,2.70E-07,196.775,406.268,3.2
Cu0.807Ga0.171Ti0.022,Al2O3,88,1323,130.906,1.87669,9.824,4.96E-07,196.787,406.268,3.2
Cu0.799Ga0.17Ti0.031,Al2O3,79,1323,131.168,1.87354,9.752,6.99E-07,196.669,406.268,3.2
Cu0.79Ga0.167Ti0.043,Al2O3,66,1323,131.534,1.86949,9.656,9.69E-07,196.78,406.268,3.2
Cu0.783Ga0.166Ti0.051,Al2O3,57,1323,131.768,1.8667,9.592,1.15E-06,196.693,406.268,3.2
Cu0.775Ga0.164Ti0.061,Al2O3,50,1323,132.068,1.86328,9.512,1.37E-06,196.705,406.268,3.2
Cu0.759Ga0.161Ti0.08,Al2O3,46,1323,132.63,1.85671,9.36,1.80E-06,196.599,406.268,3.2
Cu0.752Ga0.159Ti0.089,Al2O3,40,1323,132.902,1.85365,9.288,2.01E-06,196.642,406.268,3.2
Cu0.815Ga0.173Ti0.012,Si1O2,109,1323,130.606,1.88011,9.904,2.70E-07,196.775,598.8666667,2.666666667
Cu0.807Ga0.171Ti0.022,Si1O2,56,1323,130.906,1.87669,9.824,4.96E-07,196.787,598.8666667,2.666666667
Cu0.799Ga0.169Ti0.032,Si1O2,36,1323,131.206,1.87327,9.744,7.21E-07,196.799,598.8666667,2.666666667
Cu0.791Ga0.168Ti0.041,Si1O2,27,1323,131.468,1.87012,9.672,9.24E-07,196.681,598.8666667,2.666666667
Cu0.782Ga0.166Ti0.052,Si1O2,22,1323,131.796,1.86634,9.584,1.17E-06,196.662,598.8666667,2.666666667
Cu0.766Ga0.163Ti0.071,Si1O2,19,1323,132.358,1.85977,9.432,1.60E-06,196.556,598.8666667,2.666666667
Cu0.75Ga0.159Ti0.091,Si1O2,17,1323,132.958,1.85293,9.272,2.05E-06,196.58,598.8666667,2.666666667
Sn,Al2O3,140.7282439,873,139,1.96,10,0,141,406.268,3.2
Sn,Al2O3,140.2029824,973,139,1.96,10,0,141,406.268,3.2
Sn,Al2O3,139.0064545,1023,139,1.96,10,0,141,406.268,3.2
Sn,Al2O3,115.7168929,1073,139,1.96,10,0,141,406.268,3.2
Sn,Al2O3,114.7233474,1123,139,1.96,10,0,141,406.268,3.2
Sn,Al2O3,114.3654574,1173,139,1.96,10,0,141,406.268,3.2
Sn,Al2O3,115.6705987,1223,139,1.96,10,0,141,406.268,3.2
Sn,Al2O3,115.925217,1273,139,1.96,10,0,141,406.268,3.2
Sn,Al2O3,119.3153795,1323,139,1.96,10,0,141,406.268,3.2
Sn,Al2O3,122.4918763,1373,139,1.96,10,0,141,406.268,3.2
Sn,Al2O3,122.5452927,1423,139,1.96,10,0,141,406.268,3.2
Sn,Al2O3,122.595148,1473,139,1.96,10,0,141,406.268,3.2
Sn,Al2O3,121.2348097,1573,139,1.96,10,0,141,406.268,3.2
Cu,Al2O3,135,1423,132,1.9,10,0,225,406.268,3.2
Cu0.9Al0.1,Al2O3,113.3928571,1423,130.9,1.871,9,0,225,406.268,3.2
Cu0.8Al0.2,Al2O3,100,1423,129.8,1.842,8,0,225,406.268,3.2
Cu0.7Al0.3,Al2O3,90.17857143,1423,128.7,1.813,7,0,225,406.268,3.2
Cu0.6Al0.4,Al2O3,84.82142857,1423,127.6,1.784,6,0,225,406.268,3.2
Cu0.9Ti0.1,Al2O3,69.64285714,1423,134.8,1.864,9.2,2.25E-06,221.9,406.268,3.2
Cu0.8Ti0.2,Al2O3,29.46428571,1423,137.6,1.828,8.4,4.51E-06,218.8,406.268,3.2
Cu0.7Ti0.3,Al2O3,7.142857143,1423,140.4,1.792,7.6,6.76E-06,215.7,406.268,3.2
Cu0.6Ti0.4,Al2O3,5.357142857,1423,143.2,1.756,6.8,9.01E-06,212.6,406.268,3.2
Ga,Ca1F2,120,1173,122,1.81,10,0,64,407.3333333,0.666666667
In,Ca1F2,130,1173,142,1.78,10,0,139,407.3333333,0.666666667
Ge,Ca1F2,110,1423,120,2.01,10,0,225,407.3333333,0.666666667
Cu,Ca1F2,110,1423,132,1.9,10,0,225,407.3333333,0.666666667
Al,Ca1F2,90,1423,121,1.61,0,0,225,407.3333333,0.666666667
In,Ca1F2,120,1423,142,1.78,10,0,139,407.3333333,0.666666667
Ga,Ca1F2,88,1423,122,1.81,10,0,64,407.3333333,0.666666667
Ge,Ca1F2,128,1523,120,2.01,10,0,225,407.3333333,0.666666667
Al,Ca1F2,126,1523,121,1.61,0,0,225,407.3333333,0.666666667
Cu,Ca1F2,127,1523,132,1.9,10,0,225,407.3333333,0.666666667
In,Ca1F2,130,1123,142,1.78,10,0,139,407.3333333,0.666666667
Sn,Ca1F2,125,1173,139,1.96,10,0,141,407.3333333,0.666666667
Au,Ca1F2,114,1373,136,2.54,10,0,225,407.3333333,0.666666667
Ge,Ca1F2,115,1273,120,2.01,10,0,225,407.3333333,0.666666667
In0.98Ti0.02,Ca1F2,30,1123,142.36,1.7752,9.84,4.51E-07,140.1,407.3333333,0.666666667
Sn0.98Ti0.02,Ca1F2,51,1173,139.42,1.9516,9.84,4.51E-07,142.06,407.3333333,0.666666667
Ga0.98Ti0.02,Ca1F2,58,1173,122.76,1.8046,9.84,4.51E-07,66.6,407.3333333,0.666666667
Au0.98Ti0.02,Ca1F2,98,1373,136.48,2.52,9.84,4.51E-07,224.38,407.3333333,0.666666667
Ge0.98Ti0.02,Ca1F2,98,1273,120.8,2.0006,9.84,4.51E-07,224.38,407.3333333,0.666666667
Au0.95Ti0.05,Ca1F2,97,1373,137.2,2.49,9.6,1.13E-06,223.45,407.3333333,0.666666667
Ge0.96Ti0.04,Ca1F2,99,1373,121.6,1.9912,9.68,9.01E-07,223.76,407.3333333,0.666666667
Ga0.99Ti0.01,Ca1F2,80,1173,122.38,1.8073,9.92,2.25E-07,65.3,407.3333333,0.666666667
Ga0.97Ti0.03,Ca1F2,61,1173,123.14,1.8019,9.76,6.76E-07,67.9,407.3333333,0.666666667
Sn0.955Ti0.045,Ca1F2,53,1173,139.945,1.9411,9.64,1.01E-06,143.385,407.3333333,0.666666667
In0.995Ti0.005,Ca1F2,40,1123,142.09,1.7788,9.96,1.13E-07,139.275,407.3333333,0.666666667
In0.985Ti0.015,Ca1F2,37,1123,142.27,1.7764,9.88,3.38E-07,139.825,407.3333333,0.666666667
In0.97Ti0.03,Ca1F2,29,1123,142.54,1.7728,9.76,6.76E-07,140.65,407.3333333,0.666666667
Cu,Ca1F2,112,1423,132,1.9,10,0,225,407.3333333,0.666666667
Cu0.95Ti0.05,Ca1F2,109,1423,133.4,1.882,9.6,1.13E-06,223.45,407.3333333,0.666666667
Cu0.85Ti0.15,Ca1F2,110,1423,136.2,1.846,8.8,3.38E-06,220.35,407.3333333,0.666666667
Cu0.75Ti0.25,Ca1F2,110,1423,139,1.81,8,5.63E-06,217.25,407.3333333,0.666666667
Cu0.6Ti0.4,Ca1F2,113,1423,143.2,1.756,6.8,9.01E-06,212.6,407.3333333,0.666666667
Ga,Sr1F2,144.9315068,373,122,1.81,10,0,64,385.6666667,0.666666667
Ga,Sr1F2,140,473,122,1.81,10,0,64,385.6666667,0.666666667
Ga,Sr1F2,136.1643836,573,122,1.81,10,0,64,385.6666667,0.666666667
Ga,Sr1F2,133.1506849,673,122,1.81,10,0,64,385.6666667,0.666666667
Ga,Sr1F2,129.0410959,773,122,1.81,10,0,64,385.6666667,0.666666667
Ga,Sr1F2,126.3013699,873,122,1.81,10,0,64,385.6666667,0.666666667
Ga,Sr1F2,123.2876712,973,122,1.81,10,0,64,385.6666667,0.666666667
Ga,Sr1F2,119.1780822,1073,122,1.81,10,0,64,385.6666667,0.666666667
Ga,Sr1F2,116.9863014,1173,122,1.81,10,0,64,385.6666667,0.666666667
In,Sr1F2,157.8082192,473,142,1.78,10,0,139,385.6666667,0.666666667
In,Sr1F2,154.7945205,573,142,1.78,10,0,139,385.6666667,0.666666667
In,Sr1F2,149.8630137,673,142,1.78,10,0,139,385.6666667,0.666666667
In,Sr1F2,143.8356164,773,142,1.78,10,0,139,385.6666667,0.666666667
In,Sr1F2,140,873,142,1.78,10,0,139,385.6666667,0.666666667
In,Sr1F2,135.890411,973,142,1.78,10,0,139,385.6666667,0.666666667
In,Sr1F2,133.1506849,1073,142,1.78,10,0,139,385.6666667,0.666666667
Sn,Sr1F2,156.1643836,523,139,1.96,10,0,141,385.6666667,0.666666667
Sn,Sr1F2,152.6027397,573,139,1.96,10,0,141,385.6666667,0.666666667
Sn,Sr1F2,145.7534247,673,139,1.96,10,0,141,385.6666667,0.666666667
Sn,Sr1F2,142.1917808,773,139,1.96,10,0,141,385.6666667,0.666666667
Sn,Sr1F2,135.0684932,873,139,1.96,10,0,141,385.6666667,0.666666667
Sn,Sr1F2,133.1506849,973,139,1.96,10,0,141,385.6666667,0.666666667
Sn,Sr1F2,126.0273973,1073,139,1.96,10,0,141,385.6666667,0.666666667
Sn,Sr1F2,121.0958904,1173,139,1.96,10,0,141,385.6666667,0.666666667
Sn,Sr1F2,118.0821918,1273,139,1.96,10,0,141,385.6666667,0.666666667
Sn,Sr1F2,115.890411,1373,139,1.96,10,0,141,385.6666667,0.666666667
Sn,Sr1F2,112.0547945,1423,139,1.96,10,0,141,385.6666667,0.666666667
Pb,Sr1F2,133.9726027,623,146,2.33,10,0,225,385.6666667,0.666666667
Pb,Sr1F2,131.2328767,673,146,2.33,10,0,225,385.6666667,0.666666667
Pb,Sr1F2,127.9452055,773,146,2.33,10,0,225,385.6666667,0.666666667
Pb,Sr1F2,124.9315068,873,146,2.33,10,0,225,385.6666667,0.666666667
Pb,Sr1F2,122.4657534,973,146,2.33,10,0,225,385.6666667,0.666666667
Pb,Sr1F2,116.9863014,1073,146,2.33,10,0,225,385.6666667,0.666666667
Al,Sr1F2,121.9178082,973,121,1.61,0,0,225,385.6666667,0.666666667
Al,Sr1F2,115.890411,1073,121,1.61,0,0,225,385.6666667,0.666666667
Al,Sr1F2,109.8630137,1173,121,1.61,0,0,225,385.6666667,0.666666667
Al,Sr1F2,100.2739726,1273,121,1.61,0,0,225,385.6666667,0.666666667
Ag,Sr1F2,130.1369863,1273,145,1.93,10,0,225,385.6666667,0.666666667
Ag,Sr1F2,124.3835616,1373,145,1.93,10,0,225,385.6666667,0.666666667
Ag,Sr1F2,120.2739726,1423,145,1.93,10,0,225,385.6666667,0.666666667
Au,Sr1F2,132.8767123,1373,136,2.54,10,0,225,385.6666667,0.666666667
Au,Sr1F2,126.3013699,1423,136,2.54,10,0,225,385.6666667,0.666666667
Cu,Sr1F2,140,1373,132,1.9,10,0,225,385.6666667,0.666666667
Cu,Sr1F2,133.1506849,1423,132,1.9,10,0,225,385.6666667,0.666666667
Cu,Sr1F2,126.0273973,1473,132,1.9,10,0,225,385.6666667,0.666666667
In,Ca1F2,137.9715022,973,142,1.78,10,0,139,407.3333333,0.666666667
In,Sr1F2,136.1543719,973,142,1.78,10,0,139,385.6666667,0.666666667
In,Ba1F2,132.2372364,973,142,1.78,10,0,139,369,0.666666667
In,Mg1F2,126.3610074,973,142,1.78,10,0,139,343.3333333,0.666666667
Cu,Ca1F2,135.0344392,1423,132,1.9,10,0,225,407.3333333,0.666666667
Cu,Sr1F2,133.0753457,1423,132,1.9,10,0,225,385.6666667,0.666666667
Cu,Ba1F2,130.2781429,1423,132,1.9,10,0,225,369,0.666666667
Cu,Mg1F2,121.6057627,1423,132,1.9,10,0,225,343.3333333,0.666666667
Au,Ca1F2,128.1802408,1423,136,2.54,10,0,225,407.3333333,0.666666667
Au,Sr1F2,126.2221989,1423,136,2.54,10,0,225,385.6666667,0.666666667
Au,Ba1F2,120.4868815,1423,136,2.54,10,0,225,369,0.666666667
Au,Mg1F2,115.7305852,1423,136,2.54,10,0,225,343.3333333,0.666666667
Ag,Ca1F2,125.9435302,1373,145,1.93,10,0,225,407.3333333,0.666666667
Ag,Sr1F2,124.1242968,1373,145,1.93,10,0,225,385.6666667,0.666666667
Ag,Ba1F2,118.390031,1373,145,1.93,10,0,225,369,0.666666667
Ag,Mg1F2,114.4728955,1373,145,1.93,10,0,225,343.3333333,0.666666667
Ga,Ca1F2,123.0054156,1073,122,1.81,10,0,64,407.3333333,0.666666667
Ga,Sr1F2,122.4459751,1073,122,1.81,10,0,64,385.6666667,0.666666667
Ga,Ba1F2,112.376045,1073,122,1.81,10,0,64,369,0.666666667
Ga,Mg1F2,108.5998212,1073,122,1.81,10,0,64,343.3333333,0.666666667
Pb,Ca1F2,122.0263947,973,146,2.33,10,0,225,407.3333333,0.666666667
Pb,Sr1F2,119.2291919,973,146,2.33,10,0,225,385.6666667,0.666666667
Pb,Ba1F2,116.2910773,973,146,2.33,10,0,225,369,0.666666667
Pb,Mg1F2,111.6756927,973,146,2.33,10,0,225,343.3333333,0.666666667
Sn,Ca1F2,117.9704506,1373,139,1.96,10,0,141,407.3333333,0.666666667
Sn,Sr1F2,116.1522688,1373,139,1.96,10,0,141,385.6666667,0.666666667
Sn,Ba1F2,110.5578632,1373,139,1.96,10,0,141,369,0.666666667
Sn,Mg1F2,107.3400284,1373,139,1.96,10,0,141,343.3333333,0.666666667
Al,Sr1F2,100.348073,1273,121,1.61,0,0,225,385.6666667,0.666666667
Al,Ba1F2,98.38897944,1273,121,1.61,0,0,225,369,0.666666667
Al,Mg1F2,95.59177664,1273,121,1.61,0,0,225,343.3333333,0.666666667
Cu0.638Ti0.362,Mg1F2,118,1423,142.136,1.76968,7.104,8.16E-06,213.778,343.3333333,0.666666667
Cu0.244Ti0.756,Ba1F2,123,1473,153.168,1.62784,3.952,1.70E-05,201.564,369,0.666666667
Ni0.259Ti0.741,Ba1F2,111,1473,150.676,1.63583,3.554,0.154223925,202.029,369,0.666666667
Cu0.427Ti0.573,Sr1F2,119,1473,148.044,1.69372,5.416,1.29E-05,207.237,385.6666667,0.666666667
Cu0.589Zr0.411,Sr1F2,110,1473,149.673,1.66573,6.712,0,212.259,385.6666667,0.666666667
Ni0.259Ti0.741,Sr1F2,114,1473,150.676,1.63583,3.554,0.154223925,202.029,385.6666667,0.666666667
Ni0.4Zr0.6,Sr1F2,119,1523,154.6,1.562,4.4,0.23815788,206.4,385.6666667,0.666666667
Cu0.427Ti0.573,Ca1F2,116,1473,148.044,1.69372,5.416,1.29E-05,207.237,407.3333333,0.666666667
Cu0.589Zr0.411,Ca1F2,108,1473,149.673,1.66573,6.712,0,212.259,407.3333333,0.666666667
Ni0.259Ti0.741,Ca1F2,111,1473,150.676,1.63583,3.554,0.154223925,202.029,407.3333333,0.666666667
Ni0.4Zr0.6,Ca1F2,124,1523,154.6,1.562,4.4,0.23815788,206.4,407.3333333,0.666666667
Al,Ca1F2,131.2624894,973,121,1.61,0,0,225,407.3333333,0.666666667
Al,Ca1F2,118.350244,1073,121,1.61,0,0,225,407.3333333,0.666666667
Al,Ca1F2,111.2655875,1173,121,1.61,0,0,225,407.3333333,0.666666667
Al,Ca1F2,102.1934784,1273,121,1.61,0,0,225,407.3333333,0.666666667
Al,Ca1F2,101.2005267,1373,121,1.61,0,0,225,407.3333333,0.666666667
Al,Ca1F2,123.483851,1423,121,1.61,0,0,225,407.3333333,0.666666667
Al,Ca1F2,133.6170707,1523,121,1.61,0,0,225,407.3333333,0.666666667
Al,Sr1F2,121.9928743,973,121,1.61,0,0,225,385.6666667,0.666666667
Al,Sr1F2,116.0994501,1073,121,1.61,0,0,225,385.6666667,0.666666667
Al,Sr1F2,108.6166834,1173,121,1.61,0,0,225,385.6666667,0.666666667
Al,Sr1F2,100.2052513,1273,121,1.61,0,0,225,385.6666667,0.666666667
Al,Sr1F2,98.68174425,1373,121,1.61,0,0,225,385.6666667,0.666666667
Al,Sr1F2,119.5104949,1423,121,1.61,0,0,225,385.6666667,0.666666667
Al,Sr1F2,130.4391604,1523,121,1.61,0,0,225,385.6666667,0.666666667
Sn0.952Ti0.048,Ca1F2,65,973,140.008,1.93984,9.616,1.08E-06,143.544,407.3333333,0.666666667
Sn0.952Ti0.048,Ca1F2,32,1173,140.008,1.93984,9.616,1.08E-06,143.544,407.3333333,0.666666667
Sn0.952Ti0.048,Ca1F2,28,1273,140.008,1.93984,9.616,1.08E-06,143.544,407.3333333,0.666666667
Sn0.952Ti0.048,Ca1F2,88,1373,140.008,1.93984,9.616,1.08E-06,143.544,407.3333333,0.666666667
Sn0.952Ti0.048,Sr1F2,65,973,140.008,1.93984,9.616,1.08E-06,143.544,385.6666667,0.666666667
Sn0.952Ti0.048,Sr1F2,32,1173,140.008,1.93984,9.616,1.08E-06,143.544,385.6666667,0.666666667
Sn0.952Ti0.048,Sr1F2,28,1273,140.008,1.93984,9.616,1.08E-06,143.544,385.6666667,0.666666667
Sn0.952Ti0.048,Sr1F2,88,1373,140.008,1.93984,9.616,1.08E-06,143.544,385.6666667,0.666666667
Cu0.66Ti0.34,Ca1F2,87.19613044,1173,141.52,1.7776,7.28,7.66E-06,214.46,407.3333333,0.666666667
Cu0.66Ti0.34,Ca1F2,82.43407708,1223,141.52,1.7776,7.28,7.66E-06,214.46,407.3333333,0.666666667
Cu0.66Ti0.34,Ca1F2,90.70993915,1273,141.52,1.7776,7.28,7.66E-06,214.46,407.3333333,0.666666667
Cu0.66Ti0.34,Ca1F2,108.7158683,1323,141.52,1.7776,7.28,7.66E-06,214.46,407.3333333,0.666666667
Cu0.66Ti0.34,Ca1F2,116.5735684,1373,141.52,1.7776,7.28,7.66E-06,214.46,407.3333333,0.666666667
Cu0.66Ti0.34,Sr1F2,82.69620846,1173,141.52,1.7776,7.28,7.66E-06,214.46,385.6666667,0.666666667
Cu0.66Ti0.34,Sr1F2,79.72538618,1223,141.52,1.7776,7.28,7.66E-06,214.46,385.6666667,0.666666667
Cu0.66Ti0.34,Sr1F2,88.00124824,1273,141.52,1.7776,7.28,7.66E-06,214.46,385.6666667,0.666666667
Cu0.66Ti0.34,Sr1F2,105.5702918,1323,141.52,1.7776,7.28,7.66E-06,214.46,385.6666667,0.666666667
Cu0.66Ti0.34,Sr1F2,113.4279919,1373,141.52,1.7776,7.28,7.66E-06,214.46,385.6666667,0.666666667
Sn0.98Ti0.02,Mg1F2,56,973,139.42,1.9516,9.84,4.51E-07,142.06,343.3333333,0.666666667
Sn0.98Ti0.02,Mg1F2,107,1173,139.42,1.9516,9.84,4.51E-07,142.06,343.3333333,0.666666667
Sn0.98Ti0.02,Ba1F2,64,973,139.42,1.9516,9.84,4.51E-07,142.06,369,0.666666667
Sn0.98Ti0.02,Ba1F2,31,1173,139.42,1.9516,9.84,4.51E-07,142.06,369,0.666666667
Sn0.98Ti0.02,Ba1F2,67,1273,139.42,1.9516,9.84,4.51E-07,142.06,369,0.666666667
Sn0.98Ti0.02,Ca1F2,97,973,139.42,1.9516,9.84,4.51E-07,142.06,407.3333333,0.666666667
Sn0.98Ti0.02,Ca1F2,67,1173,139.42,1.9516,9.84,4.51E-07,142.06,407.3333333,0.666666667
Sn0.98Ti0.02,Ca1F2,34,1273,139.42,1.9516,9.84,4.51E-07,142.06,407.3333333,0.666666667
Sn0.98Ti0.02,Ca1F2,92,1373,139.42,1.9516,9.84,4.51E-07,142.06,407.3333333,0.666666667
Cu0.637Ti0.363,Mg1F2,118,1423,142.164,1.76932,7.096,8.18E-06,213.747,343.3333333,0.666666667
Ni0.752Hf0.248,Mg1F2,120,1423,136.648,1.75872,6.512,0.447736814,217.312,343.3333333,0.666666667
Cu0.737Hf0.263,Ba1F2,110,1473,143.309,1.7422,7.896,0,216.847,369,0.666666667
Cu0.43Ti0.57,Ca1F2,119,1423,147.96,1.6948,5.44,1.28E-05,207.33,407.3333333,0.666666667
Cu0.455Ti0.482Zr0.063,Ca1F2,132,1473,148.205,1.69057,5.64,1.09E-05,208.105,407.3333333,0.666666667
Cu,Al2O3,132.4475524,1423,132,1.9,10,0,225,406.268,3.2
Cu0.992Ti0.008,Al2O3,91.04895105,1423,132.224,1.89712,9.936,1.80E-07,224.752,406.268,3.2
Cu0.977Ti0.023,Al2O3,51.32867133,1423,132.644,1.89172,9.816,5.18E-07,224.287,406.268,3.2
Cu0.969Ti0.031,Al2O3,40.6993007,1423,132.868,1.88884,9.752,6.99E-07,224.039,406.268,3.2
Cu0.96Ti0.04,Al2O3,32.30769231,1423,133.12,1.8856,9.68,9.01E-07,223.76,406.268,3.2
Cu0.948Ti0.052,Al2O3,27.27272727,1423,133.456,1.88128,9.584,1.17E-06,223.388,406.268,3.2
Cu0.937Ti0.063,Al2O3,22.7972028,1423,133.764,1.87732,9.496,1.42E-06,223.047,406.268,3.2
Cu0.927Ti0.073,Al2O3,17.2027972,1423,134.044,1.87372,9.416,1.64E-06,222.737,406.268,3.2
Cu0.915Ti0.085,Al2O3,13.84615385,1423,134.38,1.8694,9.32,1.92E-06,222.365,406.268,3.2
Cu0.908Ti0.092,Al2O3,11.60839161,1423,134.576,1.86688,9.264,2.07E-06,222.148,406.268,3.2
Sn,Mg1F2,140.9755774,577,139,1.96,10,0,141,343.3333333,0.666666667
Sn,Mg1F2,136.378699,674,139,1.96,10,0,141,343.3333333,0.666666667
Sn,Mg1F2,134.3089108,777,139,1.96,10,0,141,343.3333333,0.666666667
Sn,Mg1F2,127.9683202,880,139,1.96,10,0,141,343.3333333,0.666666667
Sn,Mg1F2,124.9222918,974,139,1.96,10,0,141,343.3333333,0.666666667
Sn,Mg1F2,119.1655897,1080,139,1.96,10,0,141,343.3333333,0.666666667
Sn,Mg1F2,115.3454618,1178,139,1.96,10,0,141,343.3333333,0.666666667
Sn,Mg1F2,114.4381483,1278,139,1.96,10,0,141,343.3333333,0.666666667
Sn,Mg1F2,109.4555456,1378,139,1.96,10,0,141,343.3333333,0.666666667
In,Mg1F2,148.2871061,473,142,1.78,10,0,139,343.3333333,0.666666667
In,Mg1F2,144.0825794,573,142,1.78,10,0,139,343.3333333,0.666666667
In,Mg1F2,143.3694536,673,142,1.78,10,0,139,343.3333333,0.666666667
In,Mg1F2,139.357789,773,142,1.78,10,0,139,343.3333333,0.666666667
In,Mg1F2,130.1057096,873,142,1.78,10,0,139,343.3333333,0.666666667
In,Mg1F2,127.2538688,973,142,1.78,10,0,139,343.3333333,0.666666667
In,Mg1F2,122.4641283,1073,142,1.78,10,0,139,343.3333333,0.666666667
Ga,Mg1F2,131.7162077,373,122,1.81,10,0,64,343.3333333,0.666666667
Ga,Mg1F2,127.8987308,473,122,1.81,10,0,64,343.3333333,0.666666667
Ga,Mg1F2,126.7959042,573,122,1.81,10,0,64,343.3333333,0.666666667
Ga,Mg1F2,122.9824038,673,122,1.81,10,0,64,343.3333333,0.666666667
Ga,Mg1F2,120.9073135,773,122,1.81,10,0,64,343.3333333,0.666666667
Ga,Mg1F2,116.7041124,873,122,1.81,10,0,64,343.3333333,0.666666667
Ga,Mg1F2,116.1851741,973,122,1.81,10,0,64,343.3333333,0.666666667
Ga,Mg1F2,112.1708586,1073,122,1.81,10,0,64,343.3333333,0.666666667
Ga,Mg1F2,110.2992345,1173,122,1.81,10,0,64,343.3333333,0.666666667
Al,Mg1F2,111.5286476,973,121,1.61,0,0,225,343.3333333,0.666666667
Al,Mg1F2,104.2131425,1073,121,1.61,0,0,225,343.3333333,0.666666667
Al,Mg1F2,103.1142923,1173,121,1.61,0,0,225,343.3333333,0.666666667
Al,Mg1F2,95.4104119,1273,121,1.61,0,0,225,343.3333333,0.666666667
Cu,Mg1F2,133.146436,1373,132,1.9,10,0,225,343.3333333,0.666666667
Cu,Mg1F2,123.0831428,1433,132,1.9,10,0,225,343.3333333,0.666666667
Au,Mg1F2,122.4687676,1383,136,2.54,10,0,225,343.3333333,0.666666667
Ag,Mg1F2,120.6548033,1283,145,1.93,10,0,225,343.3333333,0.666666667
Sn,Ba1F2,144.0597015,573,139,1.96,10,0,141,369,0.666666667
Sn,Ba1F2,139.761194,673,139,1.96,10,0,141,369,0.666666667
Sn,Ba1F2,134.5671642,773,139,1.96,10,0,141,369,0.666666667
Sn,Ba1F2,132.0597015,873,139,1.96,10,0,141,369,0.666666667
Sn,Ba1F2,125.0746269,973,139,1.96,10,0,141,369,0.666666667
Sn,Ba1F2,124,1073,139,1.96,10,0,141,369,0.666666667
Sn,Ba1F2,117.7313433,1173,139,1.96,10,0,141,369,0.666666667
Sn,Ba1F2,115.4029851,1273,139,1.96,10,0,141,369,0.666666667
Sn,Ba1F2,109.8507463,1373,139,1.96,10,0,141,369,0.666666667
In,Ba1F2,150.3283582,473,142,1.78,10,0,139,369,0.666666667
In,Ba1F2,147.1044776,573,142,1.78,10,0,139,369,0.666666667
In,Ba1F2,144.7761194,673,142,1.78,10,0,139,369,0.666666667
In,Ba1F2,139.9402985,773,142,1.78,10,0,139,369,0.666666667
In,Ba1F2,138.1492537,873,142,1.78,10,0,139,369,0.666666667
In,Ba1F2,132.0597015,973,142,1.78,10,0,139,369,0.666666667
Ga,Ba1F2,139.9402985,373,122,1.81,10,0,64,369,0.666666667
Ga,Ba1F2,137.6119403,473,122,1.81,10,0,64,369,0.666666667
Ga,Ba1F2,134.7462687,573,122,1.81,10,0,64,369,0.666666667
Ga,Ba1F2,130.9850746,673,122,1.81,10,0,64,369,0.666666667
Ga,Ba1F2,126.1492537,773,122,1.81,10,0,64,369,0.666666667
Ga,Ba1F2,123.2835821,873,122,1.81,10,0,64,369,0.666666667
Ga,Ba1F2,120.4179104,973,122,1.81,10,0,64,369,0.666666667
Ga,Ba1F2,118.2686567,1073,122,1.81,10,0,64,369,0.666666667
Ga,Ba1F2,115.2238806,1173,122,1.81,10,0,64,369,0.666666667
Al,Ba1F2,117.0149254,973,121,1.61,0,0,225,369,0.666666667
Al,Ba1F2,112.1791045,1073,121,1.61,0,0,225,369,0.666666667
Al,Ba1F2,105.1940299,1173,121,1.61,0,0,225,369,0.666666667
Al,Ba1F2,98.02985075,1273,121,1.61,0,0,225,369,0.666666667
Cu,Ba1F2,135.641791,1373,132,1.9,10,0,225,369,0.666666667
Cu,Ba1F2,130.6268657,1423,132,1.9,10,0,225,369,0.666666667
Au,Ba1F2,129.5522388,1373,136,2.54,10,0,225,369,0.666666667
Ag,Ba1F2,129.1940299,1273,145,1.93,10,0,225,369,0.666666667
Sn,Ca1F2,155.0143461,573,139,1.96,10,0,141,407.3333333,0.666666667
Sn,Ca1F2,147.2157284,673,139,1.96,10,0,141,407.3333333,0.666666667
Sn,Ca1F2,142.9984028,773,139,1.96,10,0,141,407.3333333,0.666666667
Sn,Ca1F2,138.9489901,873,139,1.96,10,0,141,407.3333333,0.666666667
Sn,Ca1F2,136.6066911,973,139,1.96,10,0,141,407.3333333,0.666666667
Sn,Ca1F2,130.8544049,1073,139,1.96,10,0,141,407.3333333,0.666666667
Sn,Ca1F2,125.9527074,1173,139,1.96,10,0,141,407.3333333,0.666666667
Sn,Ca1F2,120.881401,1273,139,1.96,10,0,141,407.3333333,0.666666667
Sn,Ca1F2,118.8800158,1373,139,1.96,10,0,141,407.3333333,0.666666667
In,Ca1F2,158.8933019,473,142,1.78,10,0,139,407.3333333,0.666666667
In,Ca1F2,156.3788498,573,142,1.78,10,0,139,407.3333333,0.666666667
In,Ca1F2,152.329437,673,142,1.78,10,0,139,407.3333333,0.666666667
In,Ca1F2,146.5771509,773,142,1.78,10,0,139,407.3333333,0.666666667
In,Ca1F2,141.5066925,873,142,1.78,10,0,139,407.3333333,0.666666667
In,Ca1F2,138.8226315,973,142,1.78,10,0,139,407.3333333,0.666666667
In,Ca1F2,135.7968085,1073,142,1.78,10,0,139,407.3333333,0.666666667
Ga,Ca1F2,147.0893698,373,122,1.81,10,0,64,407.3333333,0.666666667
Ga,Ca1F2,142.0197594,473,122,1.81,10,0,64,407.3333333,0.666666667
Ga,Ca1F2,141.2073328,573,122,1.81,10,0,64,407.3333333,0.666666667
Ga,Ca1F2,137.1613122,673,122,1.81,10,0,64,407.3333333,0.666666667
Ga,Ca1F2,135.6679058,773,122,1.81,10,0,64,407.3333333,0.666666667
Ga,Ca1F2,131.7906461,873,122,1.81,10,0,64,407.3333333,0.666666667
Ga,Ca1F2,126.8923407,973,122,1.81,10,0,64,407.3333333,0.666666667
Ga,Ca1F2,122.8446241,1073,122,1.81,10,0,64,407.3333333,0.666666667
Ga,Ca1F2,121.0103037,1173,122,1.81,10,0,64,407.3333333,0.666666667
Cu,Ca1F2,141.2098769,1373,132,1.9,10,0,225,407.3333333,0.666666667
Cu,Ca1F2,135.7781515,1433,132,1.9,10,0,225,407.3333333,0.666666667
Au,Ca1F2,135.7561024,1373,136,2.54,10,0,225,407.3333333,0.666666667
Ag,Ca1F2,133.4969117,1273,145,1.93,10,0,225,407.3333333,0.666666667
Al0.778Si0.124Mg0.098,Si1O2,85,1473,121.72,1.61656,0,0,222.21,598.8666667,2.666666667
Al0.778Si0.124Mg0.098,Si1O2,77,1473,121.72,1.61656,0,0,222.21,598.8666667,2.666666667
Al0.724Si0.124Mg0.152,Si1O2,73,1473,122.8,1.60036,0,0,220.536,598.8666667,2.666666667
Al0.724Si0.124Mg0.152,Si1O2,68,1473,122.8,1.60036,0,0,220.536,598.8666667,2.666666667
Al0.778Si0.124Mg0.098,Si1O2,125.8108108,923,121.72,1.61656,0,0,222.21,598.8666667,2.666666667
Al0.778Si0.124Mg0.098,Si1O2,125,1023,121.72,1.61656,0,0,222.21,598.8666667,2.666666667
Al0.778Si0.124Mg0.098,Si1O2,122.027027,1123,121.72,1.61656,0,0,222.21,598.8666667,2.666666667
Al0.778Si0.124Mg0.098,Si1O2,119.7297297,1223,121.72,1.61656,0,0,222.21,598.8666667,2.666666667
Al0.778Si0.124Mg0.098,Si1O2,117.7027027,1323,121.72,1.61656,0,0,222.21,598.8666667,2.666666667
Al0.778Si0.124Mg0.098,Si1O2,99.18918919,1373,121.72,1.61656,0,0,222.21,598.8666667,2.666666667
Al0.778Si0.124Mg0.098,Si1O2,125.6756757,923,121.72,1.61656,0,0,222.21,598.8666667,2.666666667
Al0.778Si0.124Mg0.098,Si1O2,118.1081081,1223,121.72,1.61656,0,0,222.21,598.8666667,2.666666667
Al0.778Si0.124Mg0.098,Si1O2,116.6216216,1323,121.72,1.61656,0,0,222.21,598.8666667,2.666666667
Al0.778Si0.124Mg0.098,Si1O2,94.05405405,1373,121.72,1.61656,0,0,222.21,598.8666667,2.666666667
Al0.724Si0.124Mg0.152,Si1O2,125.6756757,923,122.8,1.60036,0,0,220.536,598.8666667,2.666666667
Al0.724Si0.124Mg0.152,Si1O2,122.1621622,1023,122.8,1.60036,0,0,220.536,598.8666667,2.666666667
Al0.724Si0.124Mg0.152,Si1O2,106.2162162,1123,122.8,1.60036,0,0,220.536,598.8666667,2.666666667
Al0.724Si0.124Mg0.152,Si1O2,100.1351351,1223,122.8,1.60036,0,0,220.536,598.8666667,2.666666667
Al0.724Si0.124Mg0.152,Si1O2,96.62162162,1323,122.8,1.60036,0,0,220.536,598.8666667,2.666666667
Al0.724Si0.124Mg0.152,Si1O2,89.18918919,1373,122.8,1.60036,0,0,220.536,598.8666667,2.666666667
Al0.724Si0.124Mg0.152,Si1O2,118.2432432,1023,122.8,1.60036,0,0,220.536,598.8666667,2.666666667
Al0.724Si0.124Mg0.152,Si1O2,101.8918919,1123,122.8,1.60036,0,0,220.536,598.8666667,2.666666667
Al0.724Si0.124Mg0.152,Si1O2,96.08108108,1223,122.8,1.60036,0,0,220.536,598.8666667,2.666666667
Al0.724Si0.124Mg0.152,Si1O2,91.08108108,1323,122.8,1.60036,0,0,220.536,598.8666667,2.666666667
Al0.724Si0.124Mg0.152,Si1O2,85,1373,122.8,1.60036,0,0,220.536,598.8666667,2.666666667
Fe,Al2O3Si1O2,77,1873,132,1.83,6,2.1106628,229,478.4925,3
Fe,Al2O3Si1O2,105,1823,132,1.83,6,2.1106628,229,478.4925,3
Fe,Al2O3Si1O2,79,1823,132,1.83,6,2.1106628,229,478.4925,3
Ag,Si1O2,96,1173,145,1.93,10,0,225,598.8666667,2.666666667
Ag0.49Cu0.49Ti0.02,Si1O2,12,1173,138.93,1.9075,9.84,4.51E-07,224.38,598.8666667,2.666666667
Ag0.47Cu0.49Ti0.04,Si1O2,10,1173,139.23,1.8997,9.68,9.01E-07,223.76,598.8666667,2.666666667
Ag0.432Cu0.49Ti0.078,Si1O2,10,1173,139.8,1.88488,9.376,1.76E-06,222.582,598.8666667,2.666666667
Ag0.47Cu0.49Ti0.04,Si1O2,10,1123,139.23,1.8997,9.68,9.01E-07,223.76,598.8666667,2.666666667
Ag0.47Cu0.49Ti0.04,Si1O2,10,1223,139.23,1.8997,9.68,9.01E-07,223.76,598.8666667,2.666666667
Cu,Si1O2,117,1473,132,1.9,10,0,225,598.8666667,2.666666667
Cu0.95Al0.05,Si1O2,117,1473,131.45,1.8855,9.5,0,225,598.8666667,2.666666667
Cu0.85Al0.15,Si1O2,116,1473,130.35,1.8565,8.5,0,225,598.8666667,2.666666667
Cu0.7Al0.3,Si1O2,114,1473,128.7,1.813,7,0,225,598.8666667,2.666666667
Cu0.5Al0.5,Si1O2,95,1473,126.5,1.755,5,0,225,598.8666667,2.666666667
Cu,Al2O3,119.0622187,1473,132,1.9,10,0,225,406.268,3.2
Cu0.95Al0.05,Al2O3,107.2908254,1473,131.45,1.8855,9.5,0,225,406.268,3.2
Cu0.85Al0.15,Al2O3,107.583014,1473,130.35,1.8565,8.5,0,225,406.268,3.2
Cu0.7Al0.3,Al2O3,113.9370869,1473,128.7,1.813,7,0,225,406.268,3.2
Cu0.5Al0.5,Al2O3,100.853417,1473,126.5,1.755,5,0,225,406.268,3.2
Cu,Al2O3,115.729314,1473,132,1.9,10,0,225,406.268,3.2
Cu0.95Al0.05,Al2O3,108.8747139,1473,131.45,1.8855,9.5,0,225,406.268,3.2
Cu0.85Al0.15,Al2O3,108.2502122,1473,130.35,1.8565,8.5,0,225,406.268,3.2
Cu0.7Al0.3,Al2O3,109.3541501,1473,128.7,1.813,7,0,225,406.268,3.2
Cu0.5Al0.5,Al2O3,99.10388642,1473,126.5,1.755,5,0,225,406.268,3.2
Al,Si1O2,94,1073,121,1.61,0,0,225,598.8666667,2.666666667
Al,Si1O2,96,1173,121,1.61,0,0,225,598.8666667,2.666666667
Al,Si1O2,88,1273,121,1.61,0,0,225,598.8666667,2.666666667
Al,Si1O2,64,1323,121,1.61,0,0,225,598.8666667,2.666666667
Al,Si1O2,56,1373,121,1.61,0,0,225,598.8666667,2.666666667
Al,Si1O2,47,1423,121,1.61,0,0,225,598.8666667,2.666666667
Al,Si1O2,45,1473,121,1.61,0,0,225,598.8666667,2.666666667
Al,Si1O2,37,1523,121,1.61,0,0,225,598.8666667,2.666666667
Al,Si1O2,148,973,121,1.61,0,0,225,598.8666667,2.666666667
Al,Si1O2,112,973,121,1.61,0,0,225,598.8666667,2.666666667
Al,Si1O2,140,1023,121,1.61,0,0,225,598.8666667,2.666666667
Al,Si1O2,88,1073,121,1.61,0,0,225,598.8666667,2.666666667
Al,Si1O2,67,1073,121,1.61,0,0,225,598.8666667,2.666666667
Al,Si1O2,106,1073,121,1.61,0,0,225,598.8666667,2.666666667
Al,Si1O2,95,1123,121,1.61,0,0,225,598.8666667,2.666666667
Al,Si1O2,68,1123,121,1.61,0,0,225,598.8666667,2.666666667
Al,Si1O2,70,1173,121,1.61,0,0,225,598.8666667,2.666666667
Al,Si1O2,93,1173,121,1.61,0,0,225,598.8666667,2.666666667
Al,Si1O2,76,1223,121,1.61,0,0,225,598.8666667,2.666666667
Fe,Al2O3,128,1823,132,1.83,6,2.1106628,229,406.268,3.2
Fe,Al2O3,124,1823,132,1.83,6,2.1106628,229,406.268,3.2
Fe,Al2O3,121,1823,132,1.83,6,2.1106628,229,406.268,3.2
Fe,Al2O3,68,1823,132,1.83,6,2.1106628,229,406.268,3.2
Fe,Al2O3,71,1823,132,1.83,6,2.1106628,229,406.268,3.2
Fe,Al2O3,114,1833,132,1.83,6,2.1106628,229,406.268,3.2
Fe,Al2O3Si1O2,78,1873,132,1.83,6,2.1106628,229,478.4925,3
Ni,Al2O3,119.7592344,1773,124,1.91,8,0.5953947,225,406.268,3.2
Ni,Al2O3,113.9984689,1773,124,1.91,8,0.5953947,225,406.268,3.2
Ni,Al2O3,111.4377033,1773,124,1.91,8,0.5953947,225,406.268,3.2
Ni,Al2O3,105.6784689,1773,124,1.91,8,0.5953947,225,406.268,3.2
Ni0.983Al0.017,Al2O3,100.2445933,1773,123.949,1.9049,7.864,0.58527299,225,406.268,3.2
Ni0.971Al0.029,Al2O3,95.12842105,1773,123.913,1.9013,7.768,0.578128254,225,406.268,3.2
Ni0.749Al0.251,Al2O3,82.71961722,1773,123.247,1.8347,5.992,0.44595063,225,406.268,3.2
Ni0.632Al0.368,Al2O3,76.03712919,1773,122.896,1.7996,5.056,0.37628945,225,406.268,3.2
Ni0.603Al0.397,Al2O3,75.40631579,1773,122.809,1.7909,4.824,0.359023004,225,406.268,3.2
Ni0.505Al0.495,Al2O3,76.71770335,1773,122.515,1.7615,4.04,0.300674324,225,406.268,3.2
Ni0.081Al0.919,Al2O3,75.57320574,1773,121.243,1.6343,0.648,0.048226971,225,406.268,3.2
Ni0.053Al0.947,Al2O3,65.34239234,1773,121.159,1.6259,0.424,0.031555919,225,406.268,3.2
Al,Al2O3,73.9984689,1773,121,1.61,0,0,225,406.268,3.2
Al,Al2O3,70.4784689,1773,121,1.61,0,0,225,406.268,3.2
Al,Al2O3,64.7184689,1773,121,1.61,0,0,225,406.268,3.2
Al,Al2O3,58.6384689,1773,121,1.61,0,0,225,406.268,3.2
Fe0.704Cr0.202Ni0.094,Al2O3,137.8698225,1748,132.662,1.80318,5.986,1.541873713,228.624,406.268,3.2
Fe0.704Cr0.202Ni0.094,Al2O3,127.2189349,1753,132.662,1.80318,5.986,1.541873713,228.624,406.268,3.2
Fe0.704Cr0.202Ni0.094,Al2O3,120.3550296,1763,132.662,1.80318,5.986,1.541873713,228.624,406.268,3.2
Fe0.704Cr0.202Ni0.094,Al2O3,114.6745562,1773,132.662,1.80318,5.986,1.541873713,228.624,406.268,3.2
Fe0.704Cr0.202Ni0.094,Al2O3,107.1005917,1783,132.662,1.80318,5.986,1.541873713,228.624,406.268,3.2
Fe0.704Cr0.202Ni0.094,Al2O3,100.7100592,1793,132.662,1.80318,5.986,1.541873713,228.624,406.268,3.2
Fe0.704Cr0.202Ni0.094,Al2O3,100,1803,132.662,1.80318,5.986,1.541873713,228.624,406.268,3.2
Fe0.704Cr0.202Ni0.094,Al2O3,97.63313609,1813,132.662,1.80318,5.986,1.541873713,228.624,406.268,3.2
Fe0.704Cr0.202Ni0.094,Al2O3,94.79289941,1823,132.662,1.80318,5.986,1.541873713,228.624,406.268,3.2
Fe0.704Cr0.202Ni0.094,Al2O3,97,1823,132.662,1.80318,5.986,1.541873713,228.624,406.268,3.2
Fe0.704Cr0.202Ni0.094,Al2O3,100,1823,132.662,1.80318,5.986,1.541873713,228.624,406.268,3.2
Fe0.704Cr0.202Ni0.094,Al2O3,147,1753,132.662,1.80318,5.986,1.541873713,228.624,406.268,3.2
Fe0.704Cr0.202Ni0.094,Al2O3,103,1753,132.662,1.80318,5.986,1.541873713,228.624,406.268,3.2
Fe0.704Cr0.202Ni0.094,Al2O3,105,1753,132.662,1.80318,5.986,1.541873713,228.624,406.268,3.2
Fe,Mg0.5Al0.5O0.5N0.5,129.6697104,1823,132,1.83,6,2.1106628,229,493.58,2.5
Fe,Mg0.5Al0.5O0.5N0.5,132.4973582,1838,132,1.83,6,2.1106628,229,493.58,2.5
Fe,Mg0.5Al0.5O0.5N0.5,130.3698485,1848,132,1.83,6,2.1106628,229,493.58,2.5
Fe,Mg0.5Al0.5O0.5N0.5,129.8729238,1858,132,1.83,6,2.1106628,229,493.58,2.5
Fe,Mg0.5Al0.5O0.5N0.5,129.532609,1873,132,1.83,6,2.1106628,229,493.58,2.5
Fe,Mg0.5Al0.5O0.5N0.5,97,1823,132,1.83,6,2.1106628,229,493.58,2.5
Fe,Mg0.5Al0.5O0.5N0.5,78,1823,132,1.83,6,2.1106628,229,493.58,2.5
Ni,Al2O3,112,1743,124,1.91,8,0.5953947,225,406.268,3.2
Ni0.9Cr0.1,Al2O3,95,1743,125.5,1.885,7.7,0.53585523,225.4,406.268,3.2
Ni0.78Cr0.22,Al2O3,90,1743,127.3,1.855,7.34,0.464407866,225.88,406.268,3.2
Ni0.81Fe0.19,Al2O3,112,1743,125.52,1.8948,7.62,0.883295639,225.76,406.268,3.2
Ni0.632Fe0.148Cr0.22,Al2O3,90,1743,128.484,1.84316,7.044,0.688667545,226.472,406.268,3.2
Ni0.55Pd0.45,Al2O3,112,1523,130.75,2.0405,8.9,0.327467085,225,406.268,3.2
Ni0.549Pd0.351Cr0.1,Al2O3,112,1523,130.765,1.98679,8.402,0.32687169,225.4,406.268,3.2
Ni0.545Pd0.45Cr0.005,Al2O3,108,1523,130.825,2.03925,8.885,0.324490112,225.02,406.268,3.2
Ni0.583Pd0.405Cr0.012,Al2O3,110,1523,130.255,2.02445,8.774,0.34711511,225.048,406.268,3.2
Ni0.499Pd0.448Cr0.053,Al2O3,107,1523,131.515,2.02667,8.737,0.297101955,225.212,406.268,3.2
Ni0.4Pd0.445Cr0.155,Al2O3,113,1523,133,2.0003,8.425,0.23815788,225.62,406.268,3.2
Ni,Al2O3,113,1773,124,1.91,8,0.5953947,225,406.268,3.2
Ni0.95Ti0.05,Al2O3,83,1773,125.8,1.8915,7.7,0.565626092,223.45,406.268,3.2
Ni0.936Ti0.064,Al2O3,72,1773,126.304,1.88632,7.616,0.557290881,223.016,406.268,3.2
Ni0.871Ti0.129,Al2O3,63,1773,128.644,1.86227,7.226,0.518591691,221.001,406.268,3.2
Ni0.852Ti0.148,Al2O3,61,1773,129.328,1.85524,7.112,0.507279619,220.412,406.268,3.2
Ni0.803Ti0.197,Al2O3,50,1773,131.092,1.83711,6.818,0.478106383,218.893,406.268,3.2
Ni0.74Ti0.26,Al2O3,40,1773,133.36,1.8138,6.44,0.440597937,216.94,406.268,3.2
Ni0.9Mo0.1,Al2O3,108,1773,127,1.935,7.7,0.53585523,225.4,406.268,3.2
Ni0.861Mo0.096Ti0.043,Al2O3,88,1773,128.428,1.91809,7.454,0.512635806,224.051,406.268,3.2
Ni0.81Mo0.09Ti0.1,Al2O3,68,1773,130.3,1.8955,7.13,0.48227196,222.26,406.268,3.2
Ni0.78Mo0.087Ti0.133,Al2O3,59,1773,131.398,1.88254,6.941,0.464410863,221.225,406.268,3.2
Ni0.72Mo0.08Ti0.2,Al2O3,46,1773,133.6,1.856,6.56,0.428688691,219.12,406.268,3.2
Ni0.675Mo0.075Ti0.25,Al2O3,37,1773,135.25,1.83625,6.275,0.401897056,217.55,406.268,3.2
Ni0.8Mo0.2,Al2O3,111,1773,130,1.96,7.4,0.47631576,225.8,406.268,3.2
Ni0.786Mo0.196Ti0.018,Al2O3,103,1773,130.528,1.95234,7.304,0.46798064,225.226,406.268,3.2
Ni0.758Mo0.19Ti0.052,Al2O3,92,1773,131.572,1.93826,7.118,0.451310354,224.148,406.268,3.2
Ni0.74Mo0.185Ti0.075,Al2O3,84,1773,132.25,1.9285,6.995,0.440593768,223.415,406.268,3.2
Ni0.717Mo0.179Ti0.104,Al2O3,74,1773,133.114,1.91627,6.839,0.426900343,222.492,406.268,3.2
Ni0.706Mo0.177Ti0.117,Al2O3,74,1773,133.522,1.91096,6.767,0.420351295,222.081,406.268,3.2
Ni0.672Mo0.168Ti0.16,Al2O3,62,1773,134.8,1.8928,6.536,0.400108844,220.712,406.268,3.2
Ni0.666Mo0.167Ti0.167,Al2O3,60,1773,135.022,1.88996,6.497,0.396536633,220.491,406.268,3.2
Ni0.633Mo0.158Ti0.209,Al2O3,49,1773,136.264,1.87217,6.272,0.376889555,219.153,406.268,3.2
Ni0.58Mo0.42,Al2O3,110,1773,136.6,2.015,6.74,0.345328926,226.68,406.268,3.2
Ni0.572Mo0.414Ti0.014,Al2O3,92,1773,136.924,2.00832,6.674,0.340566084,226.222,406.268,3.2
Ni0.552Mo0.399Ti0.049,Al2O3,72,1773,137.734,1.99162,6.509,0.328658979,225.077,406.268,3.2
Ni0.532Mo0.385Ti0.083,Al2O3,63,1773,138.538,1.97554,6.347,0.316751851,223.967,406.268,3.2
Ni0.521Mo0.377Ti0.102,Al2O3,59,1773,138.982,1.96651,6.257,0.310202937,223.346,406.268,3.2
Ni0.509Mo0.369Ti0.122,Al2O3,54,1773,139.462,1.95711,6.161,0.303058651,222.694,406.268,3.2
